2025.06.26, 17:21:44.227,Master to slave hedge location transmit: 2
2025.06.26, 17:21:44.227,Master to slave hedge location transmit: 2
2025.06.26, 17:21:44.227,Master to slave hedge location transmit: 2
2025.06.26, 17:21:44.227,Master to slave hedge location transmit: 2
2025.06.26, 17:21:44.227,Master to slave hedge location transmit: 2
2025.06.26, 17:21:44.227,Master to slave hedge location transmit: 2
2025.06.26, 17:21:44.228,Master to slave hedge location transmit: 2
2025.06.26, 17:21:44.228,Master to slave hedge location transmit: 2
2025.06.26, 17:21:44.228,Master to slave hedge location transmit: 2
2025.06.26, 17:21:44.235,Master to slave hedge location transmit: 2
2025.06.26, 17:21:44.236,Master to slave hedge location transmit: 2
2025.06.26, 17:21:44.237,Master to slave hedge location transmit: 2
2025.06.26, 17:21:44.237,Master to slave hedge location transmit: 2
2025.06.26, 17:21:44.237,Master to slave hedge location transmit: 2
2025.06.26, 17:21:44.238,Master to slave hedge location transmit: 2
2025.06.26, 17:21:44.239,Master to slave hedge location transmit: 2
2025.06.26, 17:21:44.407,Master 2 slave send: 148 163 1 0 0 0 0 0 0 0 0 0 0 0 0 2 0 1 
2025.06.26, 17:21:44.450,Master to slave hedge location transmit: 2
2025.06.26, 17:21:44.450,Master to slave hedge location transmit: 2
2025.06.26, 17:21:44.451,Master to slave hedge location transmit: 2
2025.06.26, 17:21:44.451,Master to slave hedge location transmit: 2
2025.06.26, 17:21:44.451,Master to slave hedge location transmit: 2
2025.06.26, 17:21:44.451,Master to slave hedge location transmit: 2
2025.06.26, 17:21:44.451,Master to slave hedge location transmit: 2
2025.06.26, 17:21:44.451,Master to slave hedge location transmit: 2
2025.06.26, 17:21:44.452,Master to slave hedge location transmit: 2
2025.06.26, 17:21:44.452,Master to slave hedge location transmit: 2
2025.06.26, 17:21:44.452,Master to slave hedge location transmit: 2
2025.06.26, 17:21:44.452,Master to slave hedge location transmit: 2
2025.06.26, 17:21:44.452,Master to slave hedge location transmit: 2
2025.06.26, 17:21:44.452,Master to slave hedge location transmit: 2
2025.06.26, 17:21:44.453,Master to slave hedge location transmit: 2
2025.06.26, 17:21:44.453,Master to slave hedge location transmit: 2
2025.06.26, 17:21:44.789,Master to slave hedge location transmit: 2
2025.06.26, 17:21:44.790,Master to slave hedge location transmit: 2
2025.06.26, 17:21:44.790,Master to slave hedge location transmit: 2
2025.06.26, 17:21:44.790,Master to slave hedge location transmit: 2
2025.06.26, 17:21:44.790,Master to slave hedge location transmit: 2
2025.06.26, 17:21:44.891,Master to slave hedge location transmit: 2
2025.06.26, 17:21:45.093,Master 2 slave send: 148 163 1 0 0 0 2 0 0 0 0 0 0 0 0 3 0 1 
2025.06.26, 17:21:45.160,reinit udp master threads: 1
2025.06.26, 17:21:45.255,Master 2 slave send: 148 163 1 0 0 0 2 0 0 0 2 0 0 0 0 4 2 1 
2025.06.26, 17:21:45.334,Master to slave hedge location transmit: 2
2025.06.26, 17:21:45.335,Master to slave hedge location transmit: 2
2025.06.26, 17:21:45.335,Master to slave hedge location transmit: 2
2025.06.26, 17:21:45.336,Master to slave hedge location transmit: 2
2025.06.26, 17:21:45.337,Master to slave hedge location transmit: 2
2025.06.26, 17:21:45.447,Master 2 slave send: 148 163 1 0 0 0 2 0 0 0 2 0 0 0 0 5 2 1 
2025.06.26, 17:21:45.493,Master to slave hedge location transmit: 2
2025.06.26, 17:21:45.494,Master to slave hedge location transmit: 2
2025.06.26, 17:21:45.494,Master to slave hedge location transmit: 2
2025.06.26, 17:21:45.589,Master 2 slave send: 148 163 1 0 0 0 2 0 0 0 2 0 0 0 0 6 2 1 
2025.06.26, 17:21:45.745,Master to slave hedge location transmit: 2
2025.06.26, 17:21:45.745,Master to slave hedge location transmit: 2
2025.06.26, 17:21:45.746,Master to slave hedge location transmit: 2
2025.06.26, 17:21:45.749,Master 2 slave send: 148 163 1 0 0 0 2 0 0 0 2 0 0 0 0 7 2 1 
2025.06.26, 17:21:45.884,Master to slave hedge location transmit: 2
2025.06.26, 17:21:45.907,Master 2 slave send: 148 163 1 0 0 0 2 0 0 0 2 0 0 0 0 8 2 1 
2025.06.26, 17:21:46.014,Master 2 slave send: 148 163 1 0 0 0 2 0 0 0 2 0 0 0 0 9 2 1 
2025.06.26, 17:21:46.185,Master 2 slave send: 148 163 1 0 0 0 2 0 0 0 2 0 0 0 0 10 2 1 
2025.06.26, 17:21:46.239,Master 2 slave send: 148 163 1 0 0 0 2 0 0 0 2 0 0 0 0 11 2 1 
2025.06.26, 17:21:46.341,Master 2 slave send: 148 163 1 0 0 0 2 0 0 0 2 0 0 0 0 12 2 1 
2025.06.26, 17:21:46.497,Master 2 slave send: 148 163 1 0 0 0 2 0 0 0 2 0 0 0 0 13 2 1 
2025.06.26, 17:21:46.539,Master to slave hedge location transmit: 2
2025.06.26, 17:21:46.572,Master 2 slave send: 148 163 1 0 0 0 2 0 0 0 2 0 0 0 0 14 2 1 
2025.06.26, 17:21:46.715,Master 2 slave send: 148 163 1 0 0 0 2 0 0 0 2 0 0 0 0 15 2 1 
2025.06.26, 17:21:46.782,Master 2 slave send: 148 163 1 0 0 0 2 0 0 0 2 0 0 0 0 16 2 1 
2025.06.26, 17:21:47.172,Master to slave hedge location transmit: 2
2025.06.26, 17:21:47.181,Master 2 slave send: 148 163 1 0 0 0 2 0 0 0 2 0 0 0 0 17 2 1 
2025.06.26, 17:21:47.277,Master 2 slave send: 148 163 1 0 0 0 2 0 0 0 2 0 0 0 0 18 2 1 
2025.06.26, 17:21:47.474,Master 2 slave send: 148 163 1 0 0 0 2 0 0 0 2 0 0 0 0 19 2 1 
2025.06.26, 17:21:47.567,Master 2 slave send: 148 163 1 0 0 0 2 0 0 0 2 0 0 0 0 20 2 1 
2025.06.26, 17:21:47.729,Master to slave hedge location transmit: 2
2025.06.26, 17:21:47.730,Master to slave hedge location transmit: 2
2025.06.26, 17:21:47.753,Master 2 slave send: 148 163 1 0 0 0 2 0 0 0 2 0 0 0 0 21 2 1 
2025.06.26, 17:21:47.897,Master 2 slave send: 148 163 1 0 0 0 2 0 0 0 2 0 0 0 0 22 2 1 
2025.06.26, 17:21:48.025,Master 2 slave send: 148 163 1 0 0 0 2 0 0 0 2 0 0 0 0 23 2 1 
2025.06.26, 17:21:48.104,Master 2 slave send: 148 163 1 0 0 0 2 0 0 0 2 0 0 0 0 24 2 1 
2025.06.26, 17:21:48.219,Master 2 slave send: 148 163 1 0 0 0 2 0 0 0 2 0 0 0 0 25 2 1 
2025.06.26, 17:21:48.332,Master 2 slave send: 148 163 1 0 0 0 2 0 0 0 2 0 0 0 0 26 2 1 
2025.06.26, 17:21:48.429,Master 2 slave send: 148 163 1 0 0 0 2 0 0 0 2 0 0 0 0 27 2 1 
2025.06.26, 17:21:48.540,Master 2 slave send: 148 163 1 0 0 0 2 0 0 0 2 0 0 0 0 28 2 1 
2025.06.26, 17:21:48.630,reinit udp master threads: 1
2025.06.26, 17:21:48.653,Master 2 slave send: 148 163 1 0 0 0 2 0 0 0 2 0 0 0 0 29 2 1 
2025.06.26, 17:21:48.752,Master 2 slave send: 148 163 1 0 0 0 2 0 0 0 2 0 0 0 0 30 2 1 
2025.06.26, 17:21:48.864,Master 2 slave send: 148 163 1 0 0 0 2 0 0 0 2 0 0 0 0 31 2 1 
2025.06.26, 17:21:48.888,Master to slave hedge location transmit: 2
2025.06.26, 17:21:49.023,Master 2 slave send: 148 163 1 0 0 0 2 0 0 0 2 0 0 0 0 32 2 1 
2025.06.26, 17:21:49.081,Master 2 slave send: 148 163 1 0 0 0 2 0 0 0 2 0 0 0 0 33 2 1 
2025.06.26, 17:21:49.238,Master 2 slave send: 148 163 1 0 0 0 2 0 0 0 2 0 0 0 0 34 2 1 
2025.06.26, 17:21:49.300,Master 2 slave send: 148 163 1 0 0 0 2 0 0 0 2 0 0 0 0 35 2 1 
2025.06.26, 17:21:49.350,Master to slave hedge location transmit: 2
2025.06.26, 17:21:49.424,Master to slave hedge location transmit: 2
2025.06.26, 17:21:49.430,Master 2 slave send: 148 163 1 0 0 0 2 0 0 0 2 0 0 0 0 36 2 1 
2025.06.26, 17:21:49.503,Master to slave hedge location transmit: 2
2025.06.26, 17:21:49.547,Master to slave hedge location transmit: 2
2025.06.26, 17:21:49.559,Master 2 slave send: 148 163 1 0 0 0 2 0 0 0 2 0 0 0 0 37 2 1 
2025.06.26, 17:21:49.629,Master 2 slave send: 148 163 1 0 0 0 2 0 0 0 2 0 0 0 0 38 2 1 
2025.06.26, 17:21:49.688,Master to slave hedge location transmit: 2
2025.06.26, 17:21:49.735,Master 2 slave send: 148 163 1 0 0 0 2 0 0 0 2 0 0 0 0 39 2 1 
2025.06.26, 17:21:49.778,Master to slave hedge location transmit: 2
2025.06.26, 17:21:49.810,Master to slave hedge location transmit: 2
2025.06.26, 17:21:49.852,Master 2 slave send: 148 163 1 0 0 0 2 0 0 0 2 0 0 0 0 40 2 1 
2025.06.26, 17:21:49.855,Master to slave hedge location transmit: 2
2025.06.26, 17:21:49.975,Master 2 slave send: 148 163 1 0 0 0 2 0 0 0 2 0 0 0 0 41 2 1 
2025.06.26, 17:21:50.050,Master to slave hedge location transmit: 2
2025.06.26, 17:21:50.108,Master 2 slave send: 148 163 1 0 0 0 2 0 0 0 2 0 0 0 0 42 2 1 
2025.06.26, 17:21:50.241,Master 2 slave send: 148 163 1 0 0 0 2 0 0 0 2 0 0 0 0 43 2 1 
2025.06.26, 17:21:50.309,Master 2 slave send: 148 163 1 0 0 0 2 0 0 0 2 0 0 0 0 44 2 1 
2025.06.26, 17:21:50.404,Master 2 slave send: 148 163 1 0 0 0 2 0 0 0 2 0 0 0 0 45 2 1 
2025.06.26, 17:21:50.507,Master 2 slave send: 148 163 1 0 0 0 2 0 0 0 2 0 0 0 0 46 2 1 
2025.06.26, 17:21:50.515,Master to slave hedge location transmit: 2
2025.06.26, 17:21:50.707,Master 2 slave send: 148 163 1 0 0 0 2 0 0 0 2 0 0 0 0 47 2 1 
2025.06.26, 17:21:50.725,Master 2 slave send: 148 163 1 0 0 0 2 0 0 0 2 0 0 0 0 48 2 1 
2025.06.26, 17:21:50.857,Master 2 slave send: 148 163 1 0 0 0 2 0 0 0 2 0 0 0 0 49 2 1 
2025.06.26, 17:21:50.937,Master 2 slave send: 148 163 1 0 0 0 2 0 0 0 2 0 0 0 0 50 2 1 
2025.06.26, 17:21:51.049,Master 2 slave send: 148 163 1 0 0 0 2 0 0 0 2 0 0 0 0 51 2 1 
2025.06.26, 17:21:51.152,Master 2 slave send: 148 163 1 0 0 0 2 0 0 0 2 0 0 0 0 52 2 1 
2025.06.26, 17:21:51.203,Master to slave hedge location transmit: 2
2025.06.26, 17:21:51.240,Master to slave hedge location transmit: 2
2025.06.26, 17:21:51.295,Master 2 slave send: 148 163 1 0 0 0 2 0 0 0 2 0 0 0 0 53 2 1 
2025.06.26, 17:21:51.424,Master 2 slave send: 148 163 1 0 0 0 2 0 0 0 2 0 0 0 0 54 2 1 
2025.06.26, 17:21:51.485,Master 2 slave send: 148 163 1 0 0 0 2 0 0 0 2 0 0 0 0 55 2 1 
2025.06.26, 17:21:51.650,Master 2 slave send: 148 163 1 0 0 0 2 0 0 0 2 0 0 0 0 56 2 1 
2025.06.26, 17:21:51.720,Master 2 slave send: 148 163 1 0 0 0 2 0 0 0 2 0 0 0 0 57 2 1 
2025.06.26, 17:21:51.781,Master to slave hedge location transmit: 2
2025.06.26, 17:21:51.823,Master 2 slave send: 148 163 1 0 0 0 2 0 0 0 2 0 0 0 0 58 2 1 
2025.06.26, 17:21:51.856,Master to slave hedge location transmit: 2
2025.06.26, 17:21:51.925,Master 2 slave send: 148 163 1 0 0 0 2 0 0 0 2 0 0 0 0 59 2 1 
2025.06.26, 17:21:52.044,Master to slave hedge location transmit: 2
2025.06.26, 17:21:52.068,Master 2 slave send: 148 163 1 0 0 0 2 0 0 0 2 0 0 0 0 60 2 1 
2025.06.26, 17:21:52.139,Master 2 slave send: 148 163 1 0 0 0 2 0 0 0 2 0 0 0 0 61 2 1 
2025.06.26, 17:21:52.247,Master 2 slave send: 148 163 1 0 0 0 2 0 0 0 2 0 0 0 0 62 2 1 
2025.06.26, 17:21:52.382,Master 2 slave send: 148 163 1 0 0 0 2 0 0 0 2 0 0 0 0 63 2 1 
2025.06.26, 17:21:52.505,Master 2 slave send: 148 163 1 0 0 0 2 0 0 0 2 0 0 0 0 64 2 1 
2025.06.26, 17:21:52.593,Master 2 slave send: 148 163 1 0 0 0 2 0 0 0 2 0 0 0 0 65 2 1 
2025.06.26, 17:21:52.701,Master 2 slave send: 148 163 1 0 0 0 2 0 0 0 2 0 0 0 0 66 2 1 
2025.06.26, 17:21:52.763,Master to slave hedge location transmit: 2
2025.06.26, 17:21:52.805,Master 2 slave send: 148 163 1 0 0 0 2 0 0 0 2 0 0 0 0 67 2 1 
2025.06.26, 17:21:52.823,Master to slave hedge location transmit: 2
2025.06.26, 17:21:52.906,Master 2 slave send: 148 163 1 0 0 0 2 0 0 0 2 0 0 0 0 68 2 1 
2025.06.26, 17:21:52.945,Master to slave hedge location transmit: 2
2025.06.26, 17:21:53.011,Master 2 slave send: 148 163 1 0 0 0 2 0 0 0 2 0 0 0 0 69 2 1 
2025.06.26, 17:21:53.136,Master 2 slave send: 148 163 1 0 0 0 2 0 0 0 2 0 0 0 0 70 2 1 
2025.06.26, 17:21:53.250,Master 2 slave send: 148 163 1 0 0 0 2 0 0 0 2 0 0 0 0 71 2 1 
2025.06.26, 17:21:53.346,Master 2 slave send: 148 163 1 0 0 0 2 0 0 0 2 0 0 0 0 72 2 1 
2025.06.26, 17:21:53.531,Master 2 slave send: 148 163 1 0 0 0 2 0 0 0 2 0 0 0 0 73 2 1 
2025.06.26, 17:21:53.617,Master 2 slave send: 148 163 1 0 0 0 2 0 0 0 2 0 0 0 0 74 2 1 
2025.06.26, 17:21:53.671,Master 2 slave send: 148 163 1 0 0 0 2 0 0 0 2 0 0 0 0 75 2 1 
2025.06.26, 17:21:53.716,Master to slave hedge location transmit: 2
2025.06.26, 17:21:53.777,Master 2 slave send: 148 163 1 0 0 0 2 0 0 0 2 0 0 0 0 76 2 1 
2025.06.26, 17:21:53.792,Master to slave hedge location transmit: 2
2025.06.26, 17:21:53.866,Master to slave hedge location transmit: 2
2025.06.26, 17:21:53.905,Master 2 slave send: 148 163 1 0 0 0 2 0 0 0 2 0 0 0 0 77 2 1 
2025.06.26, 17:21:54.003,Master 2 slave send: 148 163 1 0 0 0 2 0 0 0 2 0 0 0 0 78 2 1 
2025.06.26, 17:21:54.133,Master 2 slave send: 148 163 1 0 0 0 2 0 0 0 2 0 0 0 0 79 2 1 
2025.06.26, 17:21:54.136,reinit udp master threads: 1
2025.06.26, 17:21:54.236,Master 2 slave send: 148 163 1 0 0 0 2 0 0 0 2 1 0 0 0 80 2 1 
2025.06.26, 17:21:54.333,Master 2 slave send: 148 163 1 0 0 0 2 0 0 0 2 1 0 0 0 81 2 1 
2025.06.26, 17:21:54.464,Master 2 slave send: 148 163 1 0 0 0 2 0 0 0 2 1 0 0 0 82 2 1 
2025.06.26, 17:21:54.559,Master 2 slave send: 148 163 1 0 0 0 2 0 0 0 2 1 0 0 0 83 2 1 
2025.06.26, 17:21:54.658,Master 2 slave send: 148 163 1 0 0 0 2 0 0 0 2 1 0 0 0 84 2 1 
2025.06.26, 17:21:54.760,Master 2 slave send: 148 163 1 0 0 0 2 0 0 0 2 1 0 0 0 85 2 1 
2025.06.26, 17:21:54.773,Master to slave hedge location transmit: 2
2025.06.26, 17:21:54.847,Master to slave hedge location transmit: 2
2025.06.26, 17:21:54.871,Master 2 slave send: 148 163 1 0 0 0 2 0 0 0 2 1 0 0 0 86 2 1 
2025.06.26, 17:21:55.051,Master 2 slave send: 148 163 1 0 0 0 2 0 0 0 2 1 0 0 0 87 2 1 
2025.06.26, 17:21:55.092,Master 2 slave send: 148 163 1 0 0 0 2 0 0 0 2 1 0 0 0 88 2 1 
2025.06.26, 17:21:55.262,Master 2 slave send: 148 163 1 0 0 0 2 0 0 0 2 1 0 0 0 89 2 1 
2025.06.26, 17:21:55.327,Master 2 slave send: 148 163 1 0 0 0 2 0 0 0 2 1 0 0 0 90 2 1 
2025.06.26, 17:21:55.451,Master 2 slave send: 148 163 1 0 0 0 2 0 0 0 2 1 0 0 0 91 2 1 
2025.06.26, 17:21:55.551,Master 2 slave send: 148 163 1 0 0 0 2 0 0 0 2 1 0 0 0 92 2 1 
2025.06.26, 17:21:55.669,Master 2 slave send: 148 163 1 0 0 0 2 0 0 0 2 1 0 0 0 93 2 1 
2025.06.26, 17:21:55.784,Master 2 slave send: 148 163 1 0 0 0 2 0 0 0 2 1 0 0 0 94 2 1 
2025.06.26, 17:21:55.893,Master 2 slave send: 148 163 1 0 0 0 2 0 0 0 2 1 0 0 0 95 2 1 
2025.06.26, 17:21:55.933,Master to slave hedge location transmit: 2
2025.06.26, 17:21:56.009,Master 2 slave send: 148 163 1 0 0 0 2 0 0 0 2 1 0 0 0 96 2 1 
2025.06.26, 17:21:56.102,Master 2 slave send: 148 163 1 0 0 0 2 0 0 0 2 1 0 0 0 97 2 1 
2025.06.26, 17:21:56.205,Master 2 slave send: 148 163 1 0 0 0 2 0 0 0 2 1 0 0 0 98 2 1 
2025.06.26, 17:21:56.319,Master 2 slave send: 148 163 1 0 0 0 2 0 0 0 2 1 0 0 0 99 2 1 
2025.06.26, 17:21:56.430,Master 2 slave send: 148 163 1 0 0 0 2 0 0 0 2 1 0 0 0 100 2 1 
2025.06.26, 17:21:56.536,Master 2 slave send: 148 163 1 0 0 0 2 0 0 0 2 1 0 0 0 101 2 1 
2025.06.26, 17:21:56.687,Master 2 slave send: 148 163 1 0 0 0 2 0 0 0 2 1 0 0 0 102 2 1 
2025.06.26, 17:21:56.767,Master 2 slave send: 148 163 1 0 0 0 2 0 0 0 2 1 0 0 0 103 2 1 
2025.06.26, 17:21:56.909,Master 2 slave send: 148 163 1 0 0 0 2 0 0 0 2 1 0 0 0 104 2 1 
2025.06.26, 17:21:57.000,Master 2 slave send: 148 163 1 0 0 0 2 0 0 0 2 1 0 0 0 105 2 1 
2025.06.26, 17:21:57.096,Master 2 slave send: 148 163 1 0 0 0 2 0 0 0 2 1 0 0 0 106 2 1 
2025.06.26, 17:21:57.225,Master 2 slave send: 148 163 1 0 0 0 2 0 0 0 2 1 0 0 0 107 2 1 
2025.06.26, 17:21:57.348,Master 2 slave send: 148 163 1 0 0 0 2 0 0 0 2 1 0 0 0 108 2 1 
2025.06.26, 17:21:57.437,Master 2 slave send: 148 163 1 0 0 0 2 0 0 0 2 1 0 0 0 109 2 1 
2025.06.26, 17:21:57.529,Master 2 slave send: 148 163 1 0 0 0 2 0 0 0 2 1 0 0 0 110 2 1 
2025.06.26, 17:21:57.640,Master 2 slave send: 148 163 1 0 0 0 2 0 0 0 2 1 0 0 0 111 2 1 
2025.06.26, 17:21:57.746,Master 2 slave send: 148 163 1 0 0 0 2 0 0 0 2 1 0 0 0 112 2 1 
2025.06.26, 17:21:57.920,Master 2 slave send: 148 163 1 0 0 0 2 0 0 0 2 1 0 0 0 113 2 1 
2025.06.26, 17:21:58.006,Master 2 slave send: 148 163 1 0 0 0 2 0 0 0 2 1 0 0 0 114 2 1 
2025.06.26, 17:21:58.096,Master 2 slave send: 148 163 1 0 0 0 2 0 0 0 2 1 0 0 0 115 2 1 
2025.06.26, 17:21:58.221,Master 2 slave send: 148 163 1 0 0 0 2 0 0 0 2 1 0 0 0 116 2 1 
2025.06.26, 17:21:58.300,Master 2 slave send: 148 163 1 0 0 0 2 0 0 0 2 1 0 0 0 117 2 1 
2025.06.26, 17:21:58.414,Master 2 slave send: 148 163 1 0 0 0 2 0 0 0 2 1 0 0 0 118 2 1 
2025.06.26, 17:21:58.518,Master 2 slave send: 148 163 1 0 0 0 2 0 0 0 2 1 0 0 0 119 2 1 
2025.06.26, 17:21:58.618,Master 2 slave send: 148 163 1 0 0 0 2 0 0 0 2 1 0 0 0 120 2 1 
2025.06.26, 17:21:58.723,Master 2 slave send: 148 163 1 0 0 0 2 0 0 0 2 1 0 0 0 121 2 1 
2025.06.26, 17:21:58.851,Master 2 slave send: 148 163 1 0 0 0 2 0 0 0 2 1 0 0 0 122 2 1 
2025.06.26, 17:21:58.947,Master 2 slave send: 148 163 1 0 0 0 2 0 0 0 2 1 0 0 0 123 2 1 
2025.06.26, 17:21:59.059,Master 2 slave send: 148 163 1 0 0 0 2 0 0 0 2 1 0 0 0 124 2 1 
2025.06.26, 17:21:59.165,Master 2 slave send: 148 163 1 0 0 0 2 0 0 0 2 1 0 0 0 125 2 1 
2025.06.26, 17:21:59.275,Master 2 slave send: 148 163 1 0 0 0 2 0 0 0 2 1 0 0 0 126 2 1 
2025.06.26, 17:21:59.512,Master 2 slave send: 148 163 1 0 0 0 2 0 0 0 2 1 0 0 0 127 2 1 
2025.06.26, 17:21:59.604,Master 2 slave send: 148 163 0 0 0 0 2 0 0 0 2 1 0 0 0 128 2 1 
2025.06.26, 17:21:59.639,reinit udp master threads: 1
2025.06.26, 17:21:59.733,Master 2 slave send: 148 163 0 0 0 0 2 0 0 0 2 1 0 0 0 129 2 1 
2025.06.26, 17:21:59.842,Master 2 slave send: 148 163 0 0 0 0 2 0 0 0 2 1 0 0 0 130 2 1 
2025.06.26, 17:21:59.940,Master 2 slave send: 148 163 0 0 0 0 2 0 0 0 2 1 0 0 0 131 2 1 
2025.06.26, 17:22:00.042,Master 2 slave send: 148 163 0 0 0 0 2 0 0 0 2 1 0 0 0 132 2 1 
2025.06.26, 17:22:00.144,Master 2 slave send: 148 163 0 0 0 0 2 0 0 0 2 1 0 0 0 133 2 1 
2025.06.26, 17:22:00.275,Master 2 slave send: 148 163 0 0 0 0 2 0 0 0 2 1 0 0 0 134 2 1 
2025.06.26, 17:22:00.380,Master 2 slave send: 148 163 0 0 0 0 2 0 0 0 2 1 0 0 0 135 2 1 
2025.06.26, 17:22:00.486,Master 2 slave send: 148 163 0 0 0 0 2 0 0 0 2 1 0 0 0 136 2 1 
2025.06.26, 17:22:00.603,Master 2 slave send: 148 163 0 0 0 0 2 0 0 0 2 1 0 0 0 137 2 1 
2025.06.26, 17:22:00.699,Master 2 slave send: 148 163 0 0 0 0 2 0 0 0 2 1 0 0 0 138 2 1 
2025.06.26, 17:22:00.801,Master 2 slave send: 148 163 0 0 0 0 2 0 0 0 2 1 0 0 0 139 2 1 
2025.06.26, 17:22:00.910,Master 2 slave send: 148 163 0 0 0 0 2 0 0 0 2 1 0 0 0 140 2 1 
2025.06.26, 17:22:01.041,Master 2 slave send: 148 163 0 0 0 0 2 0 0 0 2 1 0 0 0 141 2 1 
2025.06.26, 17:22:01.154,Master 2 slave send: 148 163 0 0 0 0 2 0 0 0 2 1 0 0 0 142 2 1 
2025.06.26, 17:22:01.199,Master to slave hedge location transmit: 2
2025.06.26, 17:22:01.254,Master 2 slave send: 148 163 0 0 0 0 2 0 0 0 2 1 0 0 0 143 2 1 
2025.06.26, 17:22:01.347,Master 2 slave send: 148 163 0 0 0 0 2 0 0 0 2 1 0 0 0 144 2 1 
2025.06.26, 17:22:01.489,Master 2 slave send: 148 163 0 0 0 0 2 0 0 0 2 1 0 0 0 145 2 1 
2025.06.26, 17:22:01.497,Master to slave hedge location transmit: 2
2025.06.26, 17:22:01.526,Master to slave hedge location transmit: 2
2025.06.26, 17:22:01.580,Master 2 slave send: 148 163 0 0 0 0 2 0 0 0 2 1 0 0 0 146 2 1 
2025.06.26, 17:22:01.598,Master to slave hedge location transmit: 2
2025.06.26, 17:22:01.675,Master 2 slave send: 148 163 0 0 0 0 2 0 0 0 2 1 0 0 0 147 2 1 
2025.06.26, 17:22:01.799,Master 2 slave send: 148 163 0 0 0 0 2 0 0 0 2 1 0 0 0 148 2 1 
2025.06.26, 17:22:01.909,Master 2 slave send: 148 163 0 0 0 0 2 0 0 0 2 1 0 0 0 149 2 1 
2025.06.26, 17:22:02.032,Master 2 slave send: 148 163 0 0 0 0 2 0 0 0 2 1 0 0 0 150 2 1 
2025.06.26, 17:22:02.152,Master 2 slave send: 148 163 0 0 0 0 2 0 0 0 2 1 0 0 0 151 2 1 
2025.06.26, 17:22:02.234,Master 2 slave send: 148 163 0 0 0 0 2 0 0 0 2 1 0 0 0 152 2 1 
2025.06.26, 17:22:02.345,Master 2 slave send: 148 163 0 0 0 0 2 0 0 0 2 1 0 0 0 153 2 1 
2025.06.26, 17:22:02.461,Master 2 slave send: 148 163 0 0 0 0 2 0 0 0 2 1 0 0 0 154 2 1 
2025.06.26, 17:22:02.561,Master 2 slave send: 148 163 0 0 0 0 2 0 0 0 2 1 0 0 0 155 2 1 
2025.06.26, 17:22:02.675,Master 2 slave send: 148 163 0 0 0 0 2 0 0 0 2 1 0 0 0 156 2 1 
2025.06.26, 17:22:02.798,Master 2 slave send: 148 163 0 0 0 0 2 0 0 0 2 1 0 0 0 157 2 1 
2025.06.26, 17:22:02.888,Master 2 slave send: 148 163 0 0 0 0 2 0 0 0 2 1 0 0 0 158 2 1 
2025.06.26, 17:22:03.016,Master 2 slave send: 148 163 0 0 0 0 2 0 0 0 2 1 0 0 0 159 2 1 
2025.06.26, 17:22:03.107,Master 2 slave send: 148 163 0 0 0 0 2 0 0 0 2 1 0 0 0 160 2 1 
2025.06.26, 17:22:03.216,Master 2 slave send: 148 163 0 0 0 0 2 0 0 0 2 1 0 0 0 161 2 1 
2025.06.26, 17:22:03.326,Master 2 slave send: 148 163 0 0 0 0 2 0 0 0 2 1 0 0 0 162 2 1 
2025.06.26, 17:22:03.432,Master 2 slave send: 148 163 0 0 0 0 2 0 0 0 2 1 0 0 0 163 2 1 
2025.06.26, 17:22:03.542,Master 2 slave send: 148 163 0 0 0 0 2 0 0 0 2 1 0 0 0 164 2 1 
2025.06.26, 17:22:03.611,Master to slave hedge location transmit: 2
2025.06.26, 17:22:03.666,Master 2 slave send: 148 163 0 0 0 0 2 0 0 0 2 1 0 0 0 165 2 1 
2025.06.26, 17:22:03.764,Master 2 slave send: 148 163 0 0 0 0 2 0 0 0 2 1 0 0 0 166 2 1 
2025.06.26, 17:22:03.886,Master 2 slave send: 148 163 0 0 0 0 2 0 0 0 2 1 0 0 0 167 2 1 
2025.06.26, 17:22:04.065,Master 2 slave send: 148 163 0 0 0 0 2 0 0 0 2 1 0 0 0 168 2 1 
2025.06.26, 17:22:04.112,Master 2 slave send: 148 163 0 0 0 0 2 0 0 0 2 1 0 0 0 169 2 1 
2025.06.26, 17:22:04.236,Master 2 slave send: 148 163 0 0 0 0 2 0 0 0 2 1 0 0 0 170 2 1 
2025.06.26, 17:22:04.324,Master 2 slave send: 148 163 0 0 0 0 2 0 0 0 2 1 0 0 0 171 2 1 
2025.06.26, 17:22:04.416,Master 2 slave send: 148 163 0 0 0 0 2 0 0 0 2 1 0 0 0 172 2 1 
2025.06.26, 17:22:04.535,Master 2 slave send: 148 163 0 0 0 0 2 0 0 0 2 1 0 0 0 173 2 1 
2025.06.26, 17:22:04.641,reinit udp master threads: 1
2025.06.26, 17:22:04.651,Master 2 slave send: 148 163 0 0 0 0 2 0 0 0 2 1 0 0 0 174 2 1 
2025.06.26, 17:22:04.742,Master 2 slave send: 148 163 0 0 0 0 2 0 0 0 2 1 0 0 0 175 2 1 
2025.06.26, 17:22:04.856,Master 2 slave send: 148 163 0 0 0 0 2 0 0 0 2 1 0 0 0 176 2 1 
2025.06.26, 17:22:04.982,Master 2 slave send: 148 163 0 0 0 0 2 0 0 0 2 1 0 0 0 177 2 1 
2025.06.26, 17:22:05.072,Master 2 slave send: 148 163 0 0 0 0 2 0 0 49 50 55 46 48 46 48 46 50 0 2 1 0 0 0 178 2 1 
2025.06.26, 17:22:05.180,Master 2 slave send: 148 163 0 0 0 0 2 0 0 49 50 55 46 48 46 48 46 50 0 2 2 0 0 0 179 2 1 
2025.06.26, 17:22:05.288,Master 2 slave send: 148 163 0 0 0 0 2 0 0 49 50 55 46 48 46 48 46 50 0 2 2 0 0 0 180 2 1 
2025.06.26, 17:22:05.397,Master 2 slave send: 148 163 0 0 0 0 2 0 0 49 50 55 46 48 46 48 46 50 0 2 2 0 0 0 181 2 1 
2025.06.26, 17:22:05.422,Master to slave hedge location transmit: 2
2025.06.26, 17:22:05.504,Master 2 slave send: 148 163 0 0 0 0 2 0 0 49 50 55 46 48 46 48 46 50 0 2 2 0 0 0 182 2 1 
2025.06.26, 17:22:05.521,Master to slave hedge location transmit: 2
2025.06.26, 17:22:05.622,Master 2 slave send: 148 163 0 0 0 0 2 0 0 49 50 55 46 48 46 48 46 50 0 2 2 0 0 0 183 2 1 
2025.06.26, 17:22:05.725,Master 2 slave send: 148 163 0 0 0 0 2 0 0 49 50 55 46 48 46 48 46 50 0 2 2 0 0 0 184 2 1 
2025.06.26, 17:22:05.863,Master 2 slave send: 148 163 0 0 0 0 2 0 0 49 50 55 46 48 46 48 46 50 0 2 2 0 0 0 185 2 1 
2025.06.26, 17:22:05.942,Master 2 slave send: 148 163 0 0 0 0 2 0 0 49 50 55 46 48 46 48 46 50 0 2 2 0 0 0 186 2 1 
2025.06.26, 17:22:06.069,Master 2 slave send: 148 163 0 0 0 0 2 0 0 49 50 55 46 48 46 48 46 50 0 2 2 0 0 0 187 2 1 
2025.06.26, 17:22:06.174,Master 2 slave send: 148 163 0 0 0 0 2 0 0 49 50 55 46 48 46 48 46 50 0 2 2 0 0 0 188 2 1 
2025.06.26, 17:22:06.269,Master 2 slave send: 148 163 0 0 0 0 2 0 0 49 50 55 46 48 46 48 46 50 0 2 2 0 0 0 189 2 1 
2025.06.26, 17:22:06.390,Master 2 slave send: 148 163 0 0 0 0 2 0 0 49 50 55 46 48 46 48 46 50 0 2 2 0 0 0 190 2 1 
2025.06.26, 17:22:06.502,Master 2 slave send: 148 163 0 0 0 0 2 0 0 49 50 55 46 48 46 48 46 50 0 2 2 0 0 0 191 2 1 
2025.06.26, 17:22:06.538,Master to slave hedge location transmit: 2
2025.06.26, 17:22:06.606,Master 2 slave send: 148 163 0 0 0 0 2 0 0 49 50 55 46 48 46 48 46 50 0 2 2 0 0 0 192 2 1 
2025.06.26, 17:22:06.632,Master to slave hedge location transmit: 2
2025.06.26, 17:22:06.709,Master to slave hedge location transmit: 2
2025.06.26, 17:22:06.715,Master 2 slave send: 148 163 0 0 0 0 2 0 0 49 50 55 46 48 46 48 46 50 0 2 2 0 0 0 193 2 1 
2025.06.26, 17:22:06.843,Master 2 slave send: 148 163 0 0 0 0 2 0 0 49 50 55 46 48 46 48 46 50 0 2 2 0 0 0 194 2 1 
2025.06.26, 17:22:06.951,Master 2 slave send: 148 163 0 0 0 0 2 0 0 49 50 55 46 48 46 48 46 50 0 2 2 0 0 0 195 2 1 
2025.06.26, 17:22:07.049,Master 2 slave send: 148 163 0 0 0 0 2 0 0 49 50 55 46 48 46 48 46 50 0 2 2 0 0 0 196 2 1 
2025.06.26, 17:22:07.159,Master 2 slave send: 148 163 0 0 0 0 2 0 0 49 50 55 46 48 46 48 46 50 0 2 2 0 0 0 197 2 1 
2025.06.26, 17:22:07.273,Master 2 slave send: 148 163 0 0 0 0 2 0 0 49 50 55 46 48 46 48 46 50 0 2 2 0 0 0 198 2 1 
2025.06.26, 17:22:07.378,Master 2 slave send: 148 163 0 0 0 0 2 0 0 49 50 55 46 48 46 48 46 50 0 2 2 0 0 0 199 2 1 
2025.06.26, 17:22:07.486,Master 2 slave send: 148 163 0 0 0 0 2 0 0 49 50 55 46 48 46 48 46 50 0 2 2 0 0 0 200 2 1 
2025.06.26, 17:22:07.503,Master to slave hedge location transmit: 2
2025.06.26, 17:22:07.598,Master to slave hedge location transmit: 2
2025.06.26, 17:22:07.614,Master 2 slave send: 148 163 0 0 0 0 2 0 0 49 50 55 46 48 46 48 46 50 0 2 2 0 0 0 201 2 1 
2025.06.26, 17:22:07.642,Master to slave hedge location transmit: 2
2025.06.26, 17:22:07.697,Master 2 slave send: 148 163 0 0 0 0 2 0 0 49 50 55 46 48 46 48 46 50 0 2 2 0 0 0 202 2 1 
2025.06.26, 17:22:07.801,Master 2 slave send: 148 163 0 0 0 0 2 0 0 49 50 55 46 48 46 48 46 50 0 2 2 0 0 0 203 2 1 
2025.06.26, 17:22:07.911,Master 2 slave send: 148 163 0 0 0 0 2 0 0 49 50 55 46 48 46 48 46 50 0 2 2 0 0 0 204 2 1 
2025.06.26, 17:22:08.022,Master 2 slave send: 148 163 0 0 0 0 2 0 0 49 50 55 46 48 46 48 46 50 0 2 2 0 0 0 205 2 1 
2025.06.26, 17:22:08.137,Master 2 slave send: 148 163 0 0 0 0 2 0 0 49 50 55 46 48 46 48 46 50 0 2 2 0 0 0 206 2 1 
2025.06.26, 17:22:08.263,Master 2 slave send: 148 163 0 0 0 0 2 0 0 49 50 55 46 48 46 48 46 50 0 2 2 0 0 0 207 2 1 
2025.06.26, 17:22:08.360,Master 2 slave send: 148 163 0 0 0 0 2 0 0 49 50 55 46 48 46 48 46 50 0 2 2 0 0 0 208 2 1 
2025.06.26, 17:22:08.496,Master 2 slave send: 148 163 0 0 0 0 2 0 0 49 50 55 46 48 46 48 46 50 0 2 2 0 0 0 209 2 1 
2025.06.26, 17:22:08.519,Master to slave hedge location transmit: 2
2025.06.26, 17:22:08.577,Master 2 slave send: 148 163 0 0 0 0 2 0 0 49 50 55 46 48 46 48 46 50 0 2 2 0 0 0 210 2 1 
2025.06.26, 17:22:08.696,Master 2 slave send: 148 163 0 0 0 0 2 0 0 49 50 55 46 48 46 48 46 50 0 2 2 0 0 0 211 2 1 
2025.06.26, 17:22:08.788,Master 2 slave send: 148 163 0 0 0 0 2 0 0 49 50 55 46 48 46 48 46 50 0 2 2 0 0 0 212 2 1 
2025.06.26, 17:22:08.901,Master 2 slave send: 148 163 0 0 0 0 2 0 0 49 50 55 46 48 46 48 46 50 0 2 2 0 0 0 213 2 1 
2025.06.26, 17:22:09.011,Master 2 slave send: 148 163 0 0 0 0 2 0 0 49 50 55 46 48 46 48 46 50 0 2 2 0 0 0 214 2 1 
2025.06.26, 17:22:09.127,Master 2 slave send: 148 163 0 0 0 0 2 0 0 49 50 55 46 48 46 48 46 50 0 2 2 0 0 0 215 2 1 
2025.06.26, 17:22:09.236,Master 2 slave send: 148 163 0 0 0 0 2 0 0 49 50 55 46 48 46 48 46 50 0 2 2 0 0 0 216 2 1 
2025.06.26, 17:22:09.334,Master 2 slave send: 148 163 0 0 0 0 2 0 0 49 50 55 46 48 46 48 46 50 0 2 2 0 0 0 217 2 1 
2025.06.26, 17:22:09.469,Master 2 slave send: 148 163 0 0 0 0 2 0 0 49 50 55 46 48 46 48 46 50 0 2 2 0 0 0 218 2 1 
2025.06.26, 17:22:09.519,Master to slave hedge location transmit: 2
2025.06.26, 17:22:09.553,Master 2 slave send: 148 163 0 0 0 0 2 0 0 49 50 55 46 48 46 48 46 50 0 2 2 0 0 0 219 2 1 
2025.06.26, 17:22:09.598,Master to slave hedge location transmit: 2
2025.06.26, 17:22:09.660,Master 2 slave send: 148 163 0 0 0 0 2 0 0 49 50 55 46 48 46 48 46 50 0 2 2 0 0 0 220 2 1 
2025.06.26, 17:22:09.785,Master 2 slave send: 148 163 0 0 0 0 2 0 0 49 50 55 46 48 46 48 46 50 0 2 2 0 0 0 221 2 1 
2025.06.26, 17:22:09.940,Master 2 slave send: 148 163 0 0 0 0 2 0 0 49 50 55 46 48 46 48 46 50 0 2 2 0 0 0 222 2 1 
2025.06.26, 17:22:10.013,Master 2 slave send: 148 163 0 0 0 0 2 0 0 49 50 55 46 48 46 48 46 50 0 2 2 0 0 0 223 2 1 
2025.06.26, 17:22:10.121,reinit udp master threads: 1
2025.06.26, 17:22:10.128,Master 2 slave send: 148 163 0 0 0 0 2 0 0 49 50 55 46 48 46 48 46 50 0 2 2 0 0 0 224 2 1 
2025.06.26, 17:22:10.258,Master 2 slave send: 148 163 0 0 0 0 2 0 0 49 50 55 46 48 46 48 46 50 0 2 2 0 0 0 225 2 1 
2025.06.26, 17:22:10.346,Master 2 slave send: 148 163 0 0 0 0 2 0 0 49 50 55 46 48 46 48 46 50 0 2 2 0 0 0 226 2 1 
2025.06.26, 17:22:10.417,Master to slave hedge location transmit: 2
2025.06.26, 17:22:10.456,Master to slave hedge location transmit: 2
2025.06.26, 17:22:10.472,Master 2 slave send: 148 163 0 0 0 0 2 0 0 49 50 55 46 48 46 48 46 50 0 2 2 0 0 0 227 2 1 
2025.06.26, 17:22:10.562,Master to slave hedge location transmit: 2
2025.06.26, 17:22:10.563,Master 2 slave send: 148 163 0 0 0 0 2 0 0 49 50 55 46 48 46 48 46 50 0 2 2 0 0 0 228 2 1 
2025.06.26, 17:22:10.792,Master 2 slave send: 148 163 0 0 0 0 2 0 0 49 50 55 46 48 46 48 46 50 0 2 2 0 0 0 229 2 1 
2025.06.26, 17:22:11.321,Master 2 slave send: 148 163 0 0 0 0 2 0 0 49 50 55 46 48 46 48 46 50 0 2 2 0 0 0 230 2 1 
2025.06.26, 17:22:11.435,Master 2 slave send: 148 163 0 0 0 0 2 0 0 49 50 55 46 48 46 48 46 50 0 2 2 0 0 0 231 2 1 
2025.06.26, 17:22:11.549,Master 2 slave send: 148 163 0 0 0 0 2 0 0 49 50 55 46 48 46 48 46 50 0 2 2 0 0 0 232 2 1 
2025.06.26, 17:22:11.662,Master 2 slave send: 148 163 0 0 0 0 2 0 0 49 50 55 46 48 46 48 46 50 0 2 2 0 0 0 233 2 1 
2025.06.26, 17:22:11.763,Master 2 slave send: 148 163 0 0 0 0 2 0 0 49 50 55 46 48 46 48 46 50 0 2 2 0 0 0 234 2 1 
2025.06.26, 17:22:11.876,Master 2 slave send: 148 163 0 0 0 0 2 0 0 49 50 55 46 48 46 48 46 50 0 2 2 0 0 0 235 2 1 
2025.06.26, 17:22:12.003,Master 2 slave send: 148 163 0 0 0 0 2 0 0 49 50 55 46 48 46 48 46 50 0 2 2 0 0 0 236 2 1 
2025.06.26, 17:22:12.106,Master 2 slave send: 148 163 0 0 0 0 2 0 0 49 50 55 46 48 46 48 46 50 0 2 2 0 0 0 237 2 1 
2025.06.26, 17:22:12.234,Master 2 slave send: 148 163 0 0 0 0 2 0 0 49 50 55 46 48 46 48 46 50 0 2 2 0 0 0 238 2 1 
2025.06.26, 17:22:12.321,Master 2 slave send: 148 163 0 0 0 0 2 0 0 49 50 55 46 48 46 48 46 50 0 2 2 0 0 0 239 2 1 
2025.06.26, 17:22:12.857,Master 2 slave send: 148 163 0 0 0 0 2 0 0 49 50 55 46 48 46 48 46 50 0 2 2 0 0 0 240 2 1 
2025.06.26, 17:22:12.871,Master to slave hedge location transmit: 2
2025.06.26, 17:22:12.874,Master to slave hedge location transmit: 2
2025.06.26, 17:22:13.015,Master 2 slave send: 148 163 0 0 0 0 2 0 0 49 50 55 46 48 46 48 46 50 0 2 2 0 0 0 241 2 1 
2025.06.26, 17:22:13.076,Master 2 slave send: 148 163 0 0 0 0 2 0 0 49 50 55 46 48 46 48 46 50 0 2 2 0 0 0 242 2 1 
2025.06.26, 17:22:13.088,Master to slave hedge location transmit: 2
2025.06.26, 17:22:13.181,Master 2 slave send: 148 163 0 0 0 0 2 0 0 49 50 55 46 48 46 48 46 50 0 2 2 0 0 0 243 2 1 
2025.06.26, 17:22:13.288,Master 2 slave send: 148 163 0 0 0 0 2 0 0 49 50 55 46 48 46 48 46 50 0 2 2 0 0 0 244 2 1 
2025.06.26, 17:22:13.315,Master to slave hedge location transmit: 2
2025.06.26, 17:22:13.420,Master 2 slave send: 148 163 0 0 0 0 2 0 0 49 50 55 46 48 46 48 46 50 0 2 2 0 0 0 245 2 1 
2025.06.26, 17:22:13.509,Master 2 slave send: 148 163 0 0 0 0 2 0 0 49 50 55 46 48 46 48 46 50 0 2 2 0 0 0 246 2 1 
2025.06.26, 17:22:13.643,Master 2 slave send: 148 163 0 0 0 0 2 0 0 49 50 55 46 48 46 48 46 50 0 2 2 0 0 0 247 2 1 
2025.06.26, 17:22:14.104,Master 2 slave send: 148 163 0 0 0 0 2 0 0 49 50 55 46 48 46 48 46 50 0 2 2 0 0 0 248 2 1 
2025.06.26, 17:22:14.212,Master 2 slave send: 148 163 0 0 0 0 2 0 0 49 50 55 46 48 46 48 46 50 0 2 2 0 0 0 249 2 1 
2025.06.26, 17:22:14.276,Master 2 slave send: 148 163 0 0 0 0 2 0 0 49 50 55 46 48 46 48 46 50 0 2 2 0 0 0 250 2 1 
2025.06.26, 17:22:14.414,Master 2 slave send: 148 163 0 0 0 0 2 0 0 49 50 55 46 48 46 48 46 50 0 2 2 0 0 0 251 2 1 
2025.06.26, 17:22:14.507,Master 2 slave send: 148 163 0 0 0 0 2 0 0 49 50 55 46 48 46 48 46 50 0 2 2 0 0 0 252 2 1 
2025.06.26, 17:22:14.602,Master 2 slave send: 148 163 0 0 0 0 2 0 0 49 50 55 46 48 46 48 46 50 0 2 2 0 0 0 253 2 1 
2025.06.26, 17:22:14.711,Master 2 slave send: 148 163 0 0 0 0 2 0 0 49 50 55 46 48 46 48 46 50 0 2 2 0 0 0 254 2 1 
2025.06.26, 17:22:14.823,Master 2 slave send: 148 163 0 0 0 0 2 0 0 49 50 55 46 48 46 48 46 50 0 2 2 0 0 0 255 2 1 
2025.06.26, 17:22:14.934,Master 2 slave send: 148 163 0 0 0 0 2 0 0 49 50 55 46 48 46 48 46 50 0 2 2 0 0 0 0 2 1 
2025.06.26, 17:22:15.036,Master 2 slave send: 148 163 0 0 0 0 2 0 0 49 50 55 46 48 46 48 46 50 0 2 2 0 0 0 1 2 1 
2025.06.26, 17:22:15.140,reinit udp master threads: 1
2025.06.26, 17:22:15.141,reinit udp threads
2025.06.26, 17:22:15.170,Master 2 slave send: 148 163 0 0 0 0 2 0 0 49 50 55 46 48 46 48 46 50 0 2 2 0 0 0 2 2 1 
2025.06.26, 17:22:15.266,Master 2 slave send: 148 163 0 0 0 0 2 0 0 49 50 55 46 48 46 48 46 50 0 2 2 0 0 0 3 2 1 
2025.06.26, 17:22:15.365,Master 2 slave send: 148 163 0 0 0 0 2 0 0 49 50 55 46 48 46 48 46 50 0 2 2 0 0 0 4 2 1 
2025.06.26, 17:22:15.506,Master 2 slave send: 148 163 0 0 0 0 2 0 0 49 50 55 46 48 46 48 46 50 0 2 2 0 0 0 5 2 1 
2025.06.26, 17:22:15.582,Master 2 slave send: 148 163 0 0 0 0 2 0 0 49 50 55 46 48 46 48 46 50 0 2 2 0 0 0 6 2 1 
2025.06.26, 17:22:15.695,Master 2 slave send: 148 163 0 0 0 0 2 0 0 49 50 55 46 48 46 48 46 50 0 2 2 0 0 0 7 2 1 
2025.06.26, 17:22:15.824,Master 2 slave send: 148 163 0 0 0 0 2 0 0 49 50 55 46 48 46 48 46 50 0 2 2 0 0 0 8 2 1 
2025.06.26, 17:22:15.912,Master 2 slave send: 148 163 0 0 0 0 2 0 0 49 50 55 46 48 46 48 46 50 0 2 2 0 0 0 9 2 1 
2025.06.26, 17:22:16.026,Master 2 slave send: 148 163 0 0 0 0 2 0 0 49 50 55 46 48 46 48 46 50 0 2 2 0 0 0 10 2 1 
2025.06.26, 17:22:16.142,Master 2 slave send: 148 163 0 0 0 0 2 0 0 49 50 55 46 48 46 48 46 50 0 2 3 0 0 0 11 2 1 
2025.06.26, 17:22:16.241,Master 2 slave send: 148 163 0 0 0 0 2 0 0 49 50 55 46 48 46 48 46 50 0 2 3 0 0 0 12 2 1 
2025.06.26, 17:22:16.258,Master to slave hedge location transmit: 2
2025.06.26, 17:22:16.333,Master to slave hedge location transmit: 2
2025.06.26, 17:22:16.349,Master 2 slave send: 148 163 0 0 0 0 2 0 0 49 50 55 46 48 46 48 46 50 0 2 3 0 0 0 13 2 1 
2025.06.26, 17:22:16.482,Master 2 slave send: 148 163 0 0 0 0 2 0 0 49 50 55 46 48 46 48 46 50 0 2 3 0 0 0 14 2 1 
2025.06.26, 17:22:16.569,Master 2 slave send: 148 163 0 0 0 0 2 0 0 49 50 55 46 48 46 48 46 50 0 2 3 0 0 0 15 2 1 
2025.06.26, 17:22:16.675,Master 2 slave send: 148 163 0 0 0 0 2 0 0 49 50 55 46 48 46 48 46 50 0 2 3 0 0 0 16 2 1 
2025.06.26, 17:22:16.784,Master 2 slave send: 148 163 0 0 0 0 2 0 0 49 50 55 46 48 46 48 46 50 0 2 3 0 0 0 17 2 1 
2025.06.26, 17:22:16.908,Master 2 slave send: 148 163 0 0 0 0 2 0 0 49 50 55 46 48 46 48 46 50 0 2 3 0 0 0 18 2 1 
2025.06.26, 17:22:17.014,Master 2 slave send: 148 163 0 0 0 0 2 0 0 49 50 55 46 48 46 48 46 50 0 2 3 0 0 0 19 2 1 
2025.06.26, 17:22:17.124,Master 2 slave send: 148 163 0 0 0 0 2 0 0 49 50 55 46 48 46 48 46 50 0 2 3 0 0 0 20 2 1 
2025.06.26, 17:22:17.233,Master 2 slave send: 148 163 0 0 0 0 2 0 0 49 50 55 46 48 46 48 46 50 0 2 3 0 0 0 21 2 1 
2025.06.26, 17:22:17.332,Master 2 slave send: 148 163 0 0 0 0 2 0 0 49 50 55 46 48 46 48 46 50 0 2 3 0 0 0 22 2 1 
2025.06.26, 17:22:17.460,Master 2 slave send: 148 163 0 0 0 0 2 0 0 49 50 55 46 48 46 48 46 50 0 2 3 0 0 0 23 2 1 
2025.06.26, 17:22:17.581,Master 2 slave send: 148 163 0 0 0 0 2 0 0 49 50 55 46 48 46 48 46 50 0 2 3 0 0 0 24 2 1 
2025.06.26, 17:22:17.690,Master 2 slave send: 148 163 0 0 0 0 2 0 0 49 50 55 46 48 46 48 46 50 0 2 3 0 0 0 25 2 1 
2025.06.26, 17:22:17.783,Master 2 slave send: 148 163 0 0 0 0 2 0 0 49 50 55 46 48 46 48 46 50 0 2 3 0 0 0 26 2 1 
2025.06.26, 17:22:17.919,Master 2 slave send: 148 163 0 0 0 0 2 0 0 49 50 55 46 48 46 48 46 50 0 2 3 0 0 0 27 2 1 
2025.06.26, 17:22:18.022,Master 2 slave send: 148 163 0 0 0 0 2 0 0 49 50 55 46 48 46 48 46 50 0 2 3 0 0 0 28 2 1 
2025.06.26, 17:22:18.110,Master 2 slave send: 148 163 0 0 0 0 2 0 0 49 50 55 46 48 46 48 46 50 0 2 3 0 0 0 29 2 1 
2025.06.26, 17:22:18.219,Master 2 slave send: 148 163 0 0 0 0 2 0 0 49 50 55 46 48 46 48 46 50 0 2 3 0 0 0 30 2 1 
2025.06.26, 17:22:18.336,Master 2 slave send: 148 163 0 0 0 0 2 0 0 49 50 55 46 48 46 48 46 50 0 2 3 0 0 0 31 2 1 
2025.06.26, 17:22:18.347,Master to slave hedge location transmit: 2
2025.06.26, 17:22:18.437,Master 2 slave send: 148 163 0 0 0 0 2 0 0 49 50 55 46 48 46 48 46 50 0 2 3 0 0 0 32 2 1 
2025.06.26, 17:22:18.472,Master to slave hedge location transmit: 2
2025.06.26, 17:22:18.514,Master to slave hedge location transmit: 2
2025.06.26, 17:22:18.551,Master 2 slave send: 148 163 0 0 0 0 2 0 0 49 50 55 46 48 46 48 46 50 0 2 3 0 0 0 33 2 1 
2025.06.26, 17:22:18.678,Master 2 slave send: 148 163 0 0 0 0 2 0 0 49 50 55 46 48 46 48 46 50 0 2 3 0 0 0 34 2 1 
2025.06.26, 17:22:18.763,Master 2 slave send: 148 163 0 0 0 0 2 0 0 49 50 55 46 48 46 48 46 50 0 2 3 0 0 0 35 2 1 
2025.06.26, 17:22:18.891,Master 2 slave send: 148 163 0 0 0 0 2 0 0 49 50 55 46 48 46 48 46 50 0 2 3 0 0 0 36 2 1 
2025.06.26, 17:22:18.995,Master 2 slave send: 148 163 0 0 0 0 2 0 0 49 50 55 46 48 46 48 46 50 0 2 3 0 0 0 37 2 1 
2025.06.26, 17:22:19.130,Master 2 slave send: 148 163 0 0 0 0 2 0 0 49 50 55 46 48 46 48 46 50 0 2 3 0 0 0 38 2 1 
2025.06.26, 17:22:19.191,Master 2 slave send: 148 163 0 0 0 0 2 0 0 49 50 55 46 48 46 48 46 50 0 2 3 0 0 0 39 2 1 
2025.06.26, 17:22:19.311,Master 2 slave send: 148 163 0 0 0 0 2 0 0 49 50 55 46 48 46 48 46 50 0 2 3 0 0 0 40 2 1 
2025.06.26, 17:22:19.360,Master to slave hedge location transmit: 2
2025.06.26, 17:22:19.406,Master to slave hedge location transmit: 2
2025.06.26, 17:22:19.419,Master 2 slave send: 148 163 0 0 0 0 2 0 0 49 50 55 46 48 46 48 46 50 0 2 3 0 0 0 41 2 1 
2025.06.26, 17:22:19.497,Master to slave hedge location transmit: 2
2025.06.26, 17:22:19.528,Master 2 slave send: 148 163 0 0 0 0 2 0 0 49 50 55 46 48 46 48 46 50 0 2 3 0 0 0 42 2 1 
2025.06.26, 17:22:19.671,Master 2 slave send: 148 163 0 0 0 0 2 0 0 49 50 55 46 48 46 48 46 50 0 2 3 0 0 0 43 2 1 
2025.06.26, 17:22:19.754,Master 2 slave send: 148 163 0 0 0 0 2 0 0 49 50 55 46 48 46 48 46 50 0 2 3 0 0 0 44 2 1 
2025.06.26, 17:22:19.874,Master 2 slave send: 148 163 0 0 0 0 2 0 0 49 50 55 46 48 46 48 46 50 0 2 3 0 0 0 45 2 1 
2025.06.26, 17:22:19.993,Master 2 slave send: 148 163 0 0 0 0 2 0 0 49 50 55 46 48 46 48 46 50 0 2 3 0 0 0 46 2 1 
2025.06.26, 17:22:20.094,Master 2 slave send: 148 163 0 0 0 0 2 0 0 49 50 55 46 48 46 48 46 50 0 2 3 0 0 0 47 2 1 
2025.06.26, 17:22:20.197,Master 2 slave send: 148 163 0 0 0 0 2 0 0 49 50 55 46 48 46 48 46 50 0 2 3 0 0 0 48 2 1 
2025.06.26, 17:22:20.311,Master 2 slave send: 148 163 0 0 0 0 2 0 0 49 50 55 46 48 46 48 46 50 0 2 3 0 0 0 49 2 1 
2025.06.26, 17:22:20.426,Master 2 slave send: 148 163 0 0 0 0 2 0 0 49 50 55 46 48 46 48 46 50 0 2 3 0 0 0 50 2 1 
2025.06.26, 17:22:20.533,Master 2 slave send: 148 163 0 0 0 0 2 0 0 49 50 55 46 48 46 48 46 50 0 2 3 0 0 0 51 2 1 
2025.06.26, 17:22:20.654,reinit udp master threads: 1
2025.06.26, 17:22:20.662,Master 2 slave send: 148 163 0 0 0 0 2 0 0 49 50 55 46 48 46 48 46 50 0 2 3 0 0 0 52 2 1 
2025.06.26, 17:22:20.749,Master 2 slave send: 148 163 0 0 0 0 2 0 0 49 50 55 46 48 46 48 46 50 0 2 3 0 0 0 53 2 1 
2025.06.26, 17:22:20.857,Master 2 slave send: 148 163 0 0 0 0 2 0 0 49 50 55 46 48 46 48 46 50 0 2 3 0 0 0 54 2 1 
2025.06.26, 17:22:20.948,Master 2 slave send: 148 163 0 0 0 0 2 0 0 49 50 55 46 48 46 48 46 50 0 2 3 0 0 0 55 2 1 
2025.06.26, 17:22:21.099,Master 2 slave send: 148 163 0 0 0 0 2 0 0 49 50 55 46 48 46 48 46 50 0 2 3 0 0 0 56 2 1 
2025.06.26, 17:22:21.187,Master 2 slave send: 148 163 0 0 0 0 2 0 0 49 50 55 46 48 46 48 46 50 0 2 3 0 0 0 57 2 1 
2025.06.26, 17:22:21.304,Master 2 slave send: 148 163 0 0 0 0 2 0 0 49 50 55 46 48 46 48 46 50 0 2 3 0 0 0 58 2 1 
2025.06.26, 17:22:21.384,Master 2 slave send: 148 163 0 0 0 0 2 0 0 49 50 55 46 48 46 48 46 50 0 2 3 0 0 0 59 2 1 
2025.06.26, 17:22:21.525,Master 2 slave send: 148 163 0 0 0 0 2 0 0 49 50 55 46 48 46 48 46 50 0 2 3 0 0 0 60 2 1 
2025.06.26, 17:22:21.624,Master 2 slave send: 148 163 0 0 0 0 2 0 0 49 50 55 46 48 46 48 46 50 0 2 3 0 0 0 61 2 1 
2025.06.26, 17:22:21.733,Master 2 slave send: 148 163 0 0 0 0 2 0 0 49 50 55 46 48 46 48 46 50 0 2 3 0 0 0 62 2 1 
2025.06.26, 17:22:21.825,Master to slave hedge location transmit: 2
2025.06.26, 17:22:21.837,Master 2 slave send: 148 163 0 0 0 0 2 0 0 49 50 55 46 48 46 48 46 50 0 2 3 0 0 0 63 2 1 
2025.06.26, 17:22:21.928,Master to slave hedge location transmit: 2
2025.06.26, 17:22:21.937,Master 2 slave send: 148 163 0 0 0 0 2 0 0 49 50 55 46 48 46 48 46 50 0 2 3 0 0 0 64 2 1 
2025.06.26, 17:22:22.041,Master 2 slave send: 148 163 0 0 0 0 2 0 0 49 50 55 46 48 46 48 46 50 0 2 3 0 0 0 65 2 1 
2025.06.26, 17:22:22.167,Master 2 slave send: 148 163 0 0 0 0 2 0 0 49 50 55 46 48 46 48 46 50 0 2 3 0 0 0 66 2 1 
2025.06.26, 17:22:22.300,Master 2 slave send: 148 163 0 0 0 0 2 0 0 49 50 55 46 48 46 48 46 50 0 2 3 0 0 0 67 2 1 
2025.06.26, 17:22:22.375,Master 2 slave send: 148 163 0 0 0 0 2 0 0 49 50 55 46 48 46 48 46 50 0 2 3 0 0 0 68 2 1 
2025.06.26, 17:22:22.498,Master 2 slave send: 148 163 0 0 0 0 2 0 0 49 50 55 46 48 46 48 46 50 0 2 3 0 0 0 69 2 1 
2025.06.26, 17:22:22.588,Master 2 slave send: 148 163 0 0 0 0 2 0 0 49 50 55 46 48 46 48 46 50 0 2 3 0 0 0 70 2 1 
2025.06.26, 17:22:22.697,Master 2 slave send: 148 163 0 0 0 0 2 0 0 49 50 55 46 48 46 48 46 50 0 2 3 0 0 0 71 2 1 
2025.06.26, 17:22:22.808,Master 2 slave send: 148 163 0 0 0 0 2 0 0 49 50 55 46 48 46 48 46 50 0 2 3 0 0 0 72 2 1 
2025.06.26, 17:22:22.915,Master 2 slave send: 148 163 0 0 0 0 2 0 0 49 50 55 46 48 46 48 46 50 0 2 3 0 0 0 73 2 1 
2025.06.26, 17:22:23.054,Master 2 slave send: 148 163 0 0 0 0 2 0 0 49 50 55 46 48 46 48 46 50 0 2 3 0 0 0 74 2 1 
2025.06.26, 17:22:23.143,Master 2 slave send: 148 163 0 0 0 0 2 0 0 49 50 55 46 48 46 48 46 50 0 2 3 0 0 0 75 2 1 
2025.06.26, 17:22:23.263,Master 2 slave send: 148 163 0 0 0 0 2 0 0 49 50 55 46 48 46 48 46 50 0 2 3 0 0 0 76 2 1 
2025.06.26, 17:22:23.348,Master 2 slave send: 148 163 0 0 0 0 2 0 0 49 50 55 46 48 46 48 46 50 0 2 3 0 0 0 77 2 1 
2025.06.26, 17:22:23.471,Master 2 slave send: 148 163 0 0 0 0 2 0 0 49 50 55 46 48 46 48 46 50 0 2 3 0 0 0 78 2 1 
2025.06.26, 17:22:23.568,Master 2 slave send: 148 163 0 0 0 0 2 0 0 49 50 55 46 48 46 48 46 50 0 2 3 0 0 0 79 2 1 
2025.06.26, 17:22:23.694,Master 2 slave send: 148 163 0 0 0 0 2 0 0 49 50 55 46 48 46 48 46 50 0 2 3 0 0 0 80 2 1 
2025.06.26, 17:22:23.840,Master 2 slave send: 148 163 0 0 0 0 2 0 0 49 50 55 46 48 46 48 46 50 0 2 3 0 0 0 81 2 1 
2025.06.26, 17:22:23.910,Master 2 slave send: 148 163 0 0 0 0 2 0 0 49 50 55 46 48 46 48 46 50 0 2 3 0 0 0 82 2 1 
2025.06.26, 17:22:24.019,Master 2 slave send: 148 163 0 0 0 0 2 0 0 49 50 55 46 48 46 48 46 50 0 2 3 0 0 0 83 2 1 
2025.06.26, 17:22:24.123,Master 2 slave send: 148 163 0 0 0 0 2 0 0 49 50 55 46 48 46 48 46 50 0 2 3 0 0 0 84 2 1 
2025.06.26, 17:22:24.242,Master 2 slave send: 148 163 0 0 0 0 2 0 0 49 50 55 46 48 46 48 46 50 0 2 3 0 0 0 85 2 1 
2025.06.26, 17:22:24.344,Master 2 slave send: 148 163 0 0 0 0 2 0 0 49 50 55 46 48 46 48 46 50 0 2 3 0 0 0 86 2 1 
2025.06.26, 17:22:24.454,Master 2 slave send: 148 163 0 0 0 0 2 0 0 49 50 55 46 48 46 48 46 50 0 2 3 0 0 0 87 2 1 
2025.06.26, 17:22:24.561,Master 2 slave send: 148 163 0 0 0 0 2 0 0 49 50 55 46 48 46 48 46 50 0 2 3 0 0 0 88 2 1 
2025.06.26, 17:22:24.688,Master 2 slave send: 148 163 0 0 0 0 2 0 0 49 50 55 46 48 46 48 46 50 0 2 3 0 0 0 89 2 1 
2025.06.26, 17:22:24.771,Master 2 slave send: 148 163 0 0 0 0 2 0 0 49 50 55 46 48 46 48 46 50 0 2 3 0 0 0 90 2 1 
2025.06.26, 17:22:24.934,Master 2 slave send: 148 163 0 0 0 0 2 0 0 49 50 55 46 48 46 48 46 50 0 2 3 0 0 0 91 2 1 
2025.06.26, 17:22:24.999,Master 2 slave send: 148 163 0 0 0 0 2 0 0 49 50 55 46 48 46 48 46 50 0 2 3 0 0 0 92 2 1 
2025.06.26, 17:22:25.122,Master 2 slave send: 148 163 0 0 0 0 2 0 0 49 50 55 46 48 46 48 46 50 0 2 3 0 0 0 93 2 1 
2025.06.26, 17:22:25.248,Master 2 slave send: 148 163 0 0 0 0 2 0 0 49 50 55 46 48 46 48 46 50 0 2 3 0 0 0 94 2 1 
2025.06.26, 17:22:25.343,Master 2 slave send: 148 163 0 0 0 0 2 0 0 49 50 55 46 48 46 48 46 50 0 2 3 0 0 0 95 2 1 
2025.06.26, 17:22:25.469,Master 2 slave send: 148 163 0 0 0 0 2 0 0 49 50 55 46 48 46 48 46 50 0 2 3 0 0 0 96 2 1 
2025.06.26, 17:22:25.560,Master 2 slave send: 148 163 0 0 0 0 2 0 0 49 50 55 46 48 46 48 46 50 0 2 3 0 0 0 97 2 1 
2025.06.26, 17:22:25.663,reinit udp master threads: 1
2025.06.26, 17:22:25.664,reinit udp threads
2025.06.26, 17:22:25.706,Master 2 slave send: 148 163 0 0 0 0 2 0 0 49 50 55 46 48 46 48 46 50 0 2 3 0 0 0 98 2 1 
2025.06.26, 17:22:25.790,Master 2 slave send: 148 163 0 0 0 0 2 0 0 49 50 55 46 48 46 48 46 50 0 2 3 0 0 0 99 2 1 
2025.06.26, 17:22:25.895,Master 2 slave send: 148 163 0 0 0 0 2 0 0 49 50 55 46 48 46 48 46 50 0 2 3 0 0 0 100 2 1 
2025.06.26, 17:22:26.033,Master 2 slave send: 148 163 0 0 0 0 2 0 0 49 50 55 46 48 46 48 46 50 0 2 3 0 0 0 101 2 1 
2025.06.26, 17:22:26.146,Master 2 slave send: 148 163 0 0 0 0 2 0 0 49 50 55 46 48 46 48 46 50 0 2 3 0 0 0 102 2 1 
2025.06.26, 17:22:26.241,Master 2 slave send: 148 163 0 0 0 0 2 0 0 49 50 55 46 48 46 48 46 50 0 2 4 0 0 0 103 2 1 
2025.06.26, 17:22:26.320,Master 2 slave send: 148 163 0 0 0 0 2 0 0 49 50 55 46 48 46 48 46 50 0 2 4 0 0 0 104 2 1 
2025.06.26, 17:22:26.456,Master 2 slave send: 148 163 0 0 0 0 2 0 0 49 50 55 46 48 46 48 46 50 0 2 4 0 0 0 105 2 1 
2025.06.26, 17:22:26.549,Master 2 slave send: 148 163 0 0 0 0 2 0 0 49 50 55 46 48 46 48 46 50 0 2 4 0 0 0 106 2 1 
2025.06.26, 17:22:26.660,Master 2 slave send: 148 163 0 0 0 0 2 0 0 49 50 55 46 48 46 48 46 50 0 2 4 0 0 0 107 2 1 
2025.06.26, 17:22:26.758,Master 2 slave send: 148 163 0 0 0 0 2 0 0 49 50 55 46 48 46 48 46 50 0 2 4 0 0 0 108 2 1 
2025.06.26, 17:22:26.878,Master 2 slave send: 148 163 0 0 0 0 2 0 0 49 50 55 46 48 46 48 46 50 0 2 4 0 0 0 109 2 1 
2025.06.26, 17:22:26.992,Master 2 slave send: 148 163 0 0 0 0 2 0 0 49 50 55 46 48 46 48 46 50 0 2 4 0 0 0 110 2 1 
2025.06.26, 17:22:27.147,Master 2 slave send: 148 163 0 0 0 0 2 0 0 49 50 55 46 48 46 48 46 50 0 2 4 0 0 0 111 2 1 
2025.06.26, 17:22:27.217,Master 2 slave send: 148 163 0 0 0 0 2 0 0 49 50 55 46 48 46 48 46 50 0 2 4 0 0 0 112 2 1 
2025.06.26, 17:22:27.335,Master 2 slave send: 148 163 0 0 0 0 2 0 0 49 50 55 46 48 46 48 46 50 0 2 4 0 0 0 113 2 1 
2025.06.26, 17:22:27.457,Master 2 slave send: 148 163 0 0 0 0 2 0 0 49 50 55 46 48 46 48 46 50 0 2 4 0 0 0 114 2 1 
2025.06.26, 17:22:27.526,Master 2 slave send: 148 163 0 0 0 0 2 0 0 49 50 55 46 48 46 48 46 50 0 2 4 0 0 0 115 2 1 
2025.06.26, 17:22:27.648,Master 2 slave send: 148 163 0 0 0 0 2 0 0 49 50 55 46 48 46 48 46 50 0 2 4 0 0 0 116 2 1 
2025.06.26, 17:22:27.736,Master 2 slave send: 148 163 0 0 0 0 2 0 0 49 50 55 46 48 46 48 46 50 0 2 4 0 0 0 117 2 1 
2025.06.26, 17:22:27.885,Master 2 slave send: 148 163 0 0 0 0 2 0 0 49 50 55 46 48 46 48 46 50 0 2 4 0 0 0 118 2 1 
2025.06.26, 17:22:27.966,Master 2 slave send: 148 163 0 0 0 0 2 0 0 49 50 55 46 48 46 48 46 50 0 2 4 0 0 0 119 2 1 
2025.06.26, 17:22:28.104,Master 2 slave send: 148 163 0 0 0 0 2 0 0 49 50 55 46 48 46 48 46 50 0 2 4 0 0 0 120 2 1 
2025.06.26, 17:22:28.181,Master 2 slave send: 148 163 0 0 0 0 2 0 0 49 50 55 46 48 46 48 46 50 0 2 4 0 0 0 121 2 1 
2025.06.26, 17:22:28.298,Master 2 slave send: 148 163 0 0 0 0 2 0 0 49 50 55 46 48 46 48 46 50 0 2 4 0 0 0 122 2 1 
2025.06.26, 17:22:28.390,Master 2 slave send: 148 163 0 0 0 0 2 0 0 49 50 55 46 48 46 48 46 50 0 2 4 0 0 0 123 2 1 
2025.06.26, 17:22:28.511,Master to slave hedge location transmit: 2
2025.06.26, 17:22:28.527,Master 2 slave send: 148 163 0 0 0 0 2 0 0 49 50 55 46 48 46 48 46 50 0 2 4 0 0 0 124 2 1 
2025.06.26, 17:22:28.632,Master 2 slave send: 148 163 0 0 0 0 2 0 0 49 50 55 46 48 46 48 46 50 0 2 4 0 0 0 125 2 1 
2025.06.26, 17:22:28.736,Master 2 slave send: 148 163 0 0 0 0 2 0 0 49 50 55 46 48 46 48 46 50 0 2 4 0 0 0 126 2 1 
2025.06.26, 17:22:28.837,Master 2 slave send: 148 163 0 0 0 0 2 0 0 49 50 55 46 48 46 48 46 50 0 2 4 0 0 0 127 2 1 
2025.06.26, 17:22:28.938,Master 2 slave send: 148 163 0 0 0 0 2 0 0 49 50 55 46 48 46 48 46 50 0 2 4 0 0 0 128 2 1 
2025.06.26, 17:22:29.061,Master to slave hedge location transmit: 2
2025.06.26, 17:22:29.095,Master 2 slave send: 148 163 0 0 0 0 2 0 0 49 50 55 46 48 46 48 46 50 0 2 4 0 0 0 129 2 1 
2025.06.26, 17:22:29.176,Master 2 slave send: 148 163 0 0 0 0 2 0 0 49 50 55 46 48 46 48 46 50 0 2 4 0 0 0 130 2 1 
2025.06.26, 17:22:29.294,Master 2 slave send: 148 163 0 0 0 0 2 0 0 49 50 55 46 48 46 48 46 50 0 2 4 0 0 0 131 2 1 
2025.06.26, 17:22:29.385,Master 2 slave send: 148 163 0 0 0 0 2 0 0 49 50 55 46 48 46 48 46 50 0 2 4 0 0 0 132 2 1 
2025.06.26, 17:22:29.498,Master 2 slave send: 148 163 0 0 0 0 2 0 0 49 50 55 46 48 46 48 46 50 0 2 4 0 0 0 133 2 1 
2025.06.26, 17:22:29.659,Master 2 slave send: 148 163 0 0 0 0 2 0 0 49 50 55 46 48 46 48 46 50 0 2 4 0 0 0 134 2 1 
2025.06.26, 17:22:29.707,Master 2 slave send: 148 163 0 0 0 0 2 0 0 49 50 55 46 48 46 48 46 50 0 2 4 0 0 0 135 2 1 
2025.06.26, 17:22:29.819,Master 2 slave send: 148 163 0 0 0 0 2 0 0 49 50 55 46 48 46 48 46 50 0 2 4 0 0 0 136 2 1 
2025.06.26, 17:22:29.942,Master 2 slave send: 148 163 0 0 0 0 2 0 0 49 50 55 46 48 46 48 46 50 0 2 4 0 0 0 137 2 1 
2025.06.26, 17:22:30.032,Master 2 slave send: 148 163 0 0 0 0 2 0 0 49 50 55 46 48 46 48 46 50 0 2 4 0 0 0 138 2 1 
2025.06.26, 17:22:30.194,Master 2 slave send: 148 163 0 0 0 0 2 0 0 49 50 55 46 48 46 48 46 50 0 2 4 0 0 0 139 2 1 
2025.06.26, 17:22:30.264,Master 2 slave send: 148 163 0 0 0 0 2 0 0 49 50 55 46 48 46 48 46 50 0 2 4 0 0 0 140 2 1 
2025.06.26, 17:22:30.362,Master 2 slave send: 148 163 0 0 0 0 2 0 0 49 50 55 46 48 46 48 46 50 0 2 4 0 0 0 141 2 1 
2025.06.26, 17:22:30.541,Master 2 slave send: 148 163 0 0 0 0 2 0 0 49 50 55 46 48 46 48 46 50 0 2 4 0 0 0 142 2 1 
2025.06.26, 17:22:30.601,Master 2 slave send: 148 163 0 0 0 0 2 0 0 49 50 55 46 48 46 48 46 50 0 2 4 0 0 0 143 2 1 
2025.06.26, 17:22:30.728,Master 2 slave send: 148 163 0 0 0 0 2 0 0 49 50 55 46 48 46 48 46 50 0 2 4 0 0 0 144 2 1 
2025.06.26, 17:22:30.814,Master 2 slave send: 148 163 0 0 0 0 2 0 0 49 50 55 46 48 46 48 46 50 0 2 4 0 0 0 145 2 1 
2025.06.26, 17:22:30.910,Master 2 slave send: 148 163 0 0 0 0 2 0 0 49 50 55 46 48 46 48 46 50 0 2 4 0 0 0 146 2 1 
2025.06.26, 17:22:30.915,Master to slave hedge location transmit: 2
2025.06.26, 17:22:31.032,Master 2 slave send: 148 163 0 0 0 0 2 0 0 49 50 55 46 48 46 48 46 50 0 2 4 0 0 0 147 2 1 
2025.06.26, 17:22:31.136,reinit udp master threads: 1
2025.06.26, 17:22:31.141,Master 2 slave send: 148 163 0 0 0 0 2 0 0 49 50 55 46 48 46 48 46 50 0 2 4 0 0 0 148 2 1 
2025.06.26, 17:22:31.267,Master 2 slave send: 148 163 0 0 0 0 2 0 0 49 50 55 46 48 46 48 46 50 0 2 4 0 0 0 149 2 1 
2025.06.26, 17:22:31.342,Master 2 slave send: 148 163 0 0 0 0 2 0 0 49 50 55 46 48 46 48 46 50 0 2 4 0 0 0 150 2 1 
2025.06.26, 17:22:31.491,Master 2 slave send: 148 163 0 0 0 0 2 0 0 49 50 55 46 48 46 48 46 50 0 2 4 0 0 0 151 2 1 
2025.06.26, 17:22:31.564,Master 2 slave send: 148 163 0 0 0 0 2 0 0 49 50 55 46 48 46 48 46 50 0 2 4 0 0 0 152 2 1 
2025.06.26, 17:22:31.673,Master to slave hedge location transmit: 2
2025.06.26, 17:22:31.694,Master 2 slave send: 148 163 0 0 0 0 2 0 0 49 50 55 46 48 46 48 46 50 0 2 4 0 0 0 153 2 1 
2025.06.26, 17:22:31.776,Master 2 slave send: 148 163 0 0 0 0 2 208 0 49 50 55 46 48 46 48 46 50 0 2 4 0 0 0 154 2 1 
2025.06.26, 17:22:31.968,Master 2 slave send: 148 163 0 0 0 0 2 208 0 49 50 55 46 48 46 48 46 50 0 2 4 0 0 0 155 2 1 
2025.06.26, 17:22:32.084,Master 2 slave send: 148 163 0 0 0 0 2 208 0 49 50 55 46 48 46 48 46 50 0 2 4 0 0 0 156 2 1 
2025.06.26, 17:22:32.103,Master 2 slave send: 148 163 0 0 0 0 2 208 0 49 50 55 46 48 46 48 46 50 0 2 4 0 0 0 157 2 1 
2025.06.26, 17:22:32.275,Master 2 slave send: 148 163 0 0 0 0 2 208 0 49 50 55 46 48 46 48 46 50 0 2 4 0 0 0 158 2 1 
2025.06.26, 17:22:32.385,Master 2 slave send: 148 163 0 0 0 0 2 208 0 49 50 55 46 48 46 48 46 50 0 2 4 0 0 0 159 2 1 
2025.06.26, 17:22:32.473,Master 2 slave send: 148 163 0 0 0 0 2 208 0 49 50 55 46 48 46 48 46 50 0 2 4 0 0 0 160 2 1 
2025.06.26, 17:22:32.578,Master 2 slave send: 148 163 0 0 0 0 2 208 0 49 50 55 46 48 46 48 46 50 0 2 4 0 0 0 161 2 1 
2025.06.26, 17:22:32.747,Master 2 slave send: 148 163 0 0 0 0 2 208 0 49 50 55 46 48 46 48 46 50 0 2 4 0 0 0 162 2 1 
2025.06.26, 17:22:32.801,Master 2 slave send: 148 163 0 0 0 0 2 208 0 49 50 55 46 48 46 48 46 50 0 2 4 0 0 0 163 2 1 
2025.06.26, 17:22:32.962,Master 2 slave send: 148 163 0 0 0 0 2 208 0 49 50 55 46 48 46 48 46 50 0 2 4 0 0 0 164 2 1 
2025.06.26, 17:22:33.001,Master 2 slave send: 148 163 0 0 0 0 2 208 0 49 50 55 46 48 46 48 46 50 0 2 4 0 0 0 165 2 1 
2025.06.26, 17:22:33.114,Master 2 slave send: 148 163 0 0 0 0 2 208 0 49 50 55 46 48 46 48 46 50 0 2 4 0 0 0 166 2 1 
2025.06.26, 17:22:33.230,Master 2 slave send: 148 163 0 0 0 0 2 209 0 49 50 55 46 48 46 48 46 50 0 2 4 0 0 0 167 2 1 
2025.06.26, 17:22:33.377,Master 2 slave send: 148 163 0 0 0 0 2 209 0 49 50 55 46 48 46 48 46 50 0 2 4 0 0 0 168 2 1 
2025.06.26, 17:22:33.525,Master 2 slave send: 148 163 0 0 0 0 2 209 0 49 50 55 46 48 46 48 46 50 0 2 4 0 0 0 169 2 1 
2025.06.26, 17:22:33.629,Master 2 slave send: 148 163 0 0 0 0 2 209 0 49 50 55 46 48 46 48 46 50 0 2 4 0 0 0 170 2 1 
2025.06.26, 17:22:33.704,Master to slave hedge location transmit: 2
2025.06.26, 17:22:33.738,Master 2 slave send: 148 163 0 0 0 0 2 209 0 49 50 55 46 48 46 48 46 50 0 2 4 0 0 0 171 2 1 
2025.06.26, 17:22:33.760,Master to slave hedge location transmit: 2
2025.06.26, 17:22:33.920,Master 2 slave send: 148 163 0 0 0 0 2 209 0 49 50 55 46 48 46 48 46 50 0 2 4 0 0 0 172 2 1 
2025.06.26, 17:22:34.051,Master 2 slave send: 148 163 0 0 0 0 2 209 0 49 50 55 46 48 46 48 46 50 0 2 4 0 0 0 173 2 1 
2025.06.26, 17:22:34.123,Master 2 slave send: 148 163 0 0 0 0 2 209 0 49 50 55 46 48 46 48 46 50 0 2 4 0 0 0 174 2 1 
2025.06.26, 17:22:34.191,Master 2 slave send: 148 163 0 0 0 0 2 209 0 49 50 55 46 48 46 48 46 50 0 2 4 0 0 0 175 2 1 
2025.06.26, 17:22:34.307,Master 2 slave send: 148 163 0 0 0 0 2 209 0 49 50 55 46 48 46 48 46 50 0 2 4 0 0 0 176 2 1 
2025.06.26, 17:22:34.412,Master 2 slave send: 148 163 0 0 0 0 2 208 0 49 50 55 46 48 46 48 46 50 0 2 4 0 0 0 177 2 1 
2025.06.26, 17:22:34.505,Master 2 slave send: 148 163 0 0 0 0 2 208 0 49 50 55 46 48 46 48 46 50 0 2 4 0 0 0 178 2 1 
2025.06.26, 17:22:34.712,Master 2 slave send: 148 163 0 0 0 0 2 208 0 49 50 55 46 48 46 48 46 50 0 2 4 0 0 0 179 2 1 
2025.06.26, 17:22:34.751,Master 2 slave send: 148 163 0 0 0 0 2 208 0 49 50 55 46 48 46 48 46 50 0 2 4 0 0 0 180 2 1 
2025.06.26, 17:22:34.867,Master 2 slave send: 148 163 0 0 0 0 2 208 0 49 50 55 46 48 46 48 46 50 0 2 4 0 0 0 181 2 1 
2025.06.26, 17:22:34.973,Master 2 slave send: 148 163 0 0 0 0 2 208 0 49 50 55 46 48 46 48 46 50 0 2 4 0 0 0 182 2 1 
2025.06.26, 17:22:35.102,Master 2 slave send: 148 163 0 0 0 0 2 208 0 49 50 55 46 48 46 48 46 50 0 2 4 0 0 0 183 2 1 
2025.06.26, 17:22:35.145,Master to slave hedge location transmit: 2
2025.06.26, 17:22:35.185,Master to slave hedge location transmit: 2
2025.06.26, 17:22:35.213,Master to slave hedge location transmit: 2
2025.06.26, 17:22:35.253,Master 2 slave send: 148 163 0 0 0 0 2 208 0 49 50 55 46 48 46 48 46 50 0 2 4 0 0 0 184 2 1 
2025.06.26, 17:22:35.372,Master 2 slave send: 148 163 0 0 0 0 2 208 0 49 50 55 46 48 46 48 46 50 0 2 4 0 0 0 185 2 1 
2025.06.26, 17:22:35.466,Master 2 slave send: 148 163 0 0 0 0 2 208 0 49 50 55 46 48 46 48 46 50 0 2 4 0 0 0 186 2 1 
2025.06.26, 17:22:35.558,Master 2 slave send: 148 163 0 0 0 0 2 208 0 49 50 55 46 48 46 48 46 50 0 2 4 0 0 0 187 2 1 
2025.06.26, 17:22:35.653,Master 2 slave send: 148 163 0 0 0 0 2 208 0 49 50 55 46 48 46 48 46 50 0 2 4 0 0 0 188 2 1 
2025.06.26, 17:22:35.808,Master 2 slave send: 148 163 0 0 0 0 2 207 0 49 50 55 46 48 46 48 46 50 0 2 4 0 0 0 189 2 1 
2025.06.26, 17:22:35.900,Master 2 slave send: 148 163 0 0 0 0 2 207 0 49 50 55 46 48 46 48 46 50 0 2 4 0 0 0 190 2 1 
2025.06.26, 17:22:35.981,Master 2 slave send: 148 163 0 0 0 0 2 207 0 49 50 55 46 48 46 48 46 50 0 2 4 0 0 0 191 2 1 
2025.06.26, 17:22:36.183,Master 2 slave send: 148 163 0 0 0 0 2 207 0 49 50 55 46 48 46 48 46 50 0 2 4 0 0 0 192 2 1 
2025.06.26, 17:22:36.188,reinit udp master threads: 1
2025.06.26, 17:22:36.191,reinit udp threads
2025.06.26, 17:22:36.302,Master 2 slave send: 148 163 0 0 0 0 2 207 0 49 50 55 46 48 46 48 46 50 0 2 5 0 0 0 193 2 1 
2025.06.26, 17:22:36.375,Master 2 slave send: 148 163 0 0 0 0 2 207 0 49 50 55 46 48 46 48 46 50 0 2 5 0 0 0 194 2 1 
2025.06.26, 17:22:36.523,Master 2 slave send: 148 163 0 0 0 0 2 206 0 49 50 55 46 48 46 48 46 50 0 2 5 0 0 0 195 2 1 
2025.06.26, 17:22:36.600,Master 2 slave send: 148 163 0 0 0 0 2 205 0 49 50 55 46 48 46 48 46 50 0 2 5 0 0 0 196 2 1 
2025.06.26, 17:22:36.706,Master 2 slave send: 148 163 0 0 0 0 2 205 0 49 50 55 46 48 46 48 46 50 0 2 5 0 0 0 197 2 1 
2025.06.26, 17:22:36.836,Master 2 slave send: 148 163 0 0 0 0 2 205 0 49 50 55 46 48 46 48 46 50 0 2 5 0 0 0 198 2 1 
2025.06.26, 17:22:36.927,Master 2 slave send: 148 163 0 0 0 0 2 205 0 49 50 55 46 48 46 48 46 50 0 2 5 0 0 0 199 2 1 
2025.06.26, 17:22:37.021,Master 2 slave send: 148 163 0 0 0 0 2 205 0 49 50 55 46 48 46 48 46 50 0 2 5 0 0 0 200 2 1 
2025.06.26, 17:22:37.166,Master 2 slave send: 148 163 0 0 0 0 2 205 0 49 50 55 46 48 46 48 46 50 0 2 5 0 0 0 201 2 1 
2025.06.26, 17:22:37.277,Master 2 slave send: 148 163 0 0 0 0 2 205 0 49 50 55 46 48 46 48 46 50 0 2 5 0 0 0 202 2 1 
2025.06.26, 17:22:37.389,Master 2 slave send: 148 163 0 0 0 0 2 205 0 49 50 55 46 48 46 48 46 50 0 2 5 0 0 0 203 2 1 
2025.06.26, 17:22:37.468,Master 2 slave send: 148 163 0 0 0 0 2 205 0 49 50 55 46 48 46 48 46 50 0 2 5 0 0 0 204 2 1 
2025.06.26, 17:22:37.621,Master 2 slave send: 148 163 0 0 0 0 2 204 0 49 50 55 46 48 46 48 46 50 0 2 5 0 0 0 205 2 1 
2025.06.26, 17:22:37.717,Master 2 slave send: 148 163 0 0 0 0 2 204 0 49 50 55 46 48 46 48 46 50 0 2 5 0 0 0 206 2 1 
2025.06.26, 17:22:37.797,Master 2 slave send: 148 163 0 0 0 0 2 204 0 49 50 55 46 48 46 48 46 50 0 2 5 0 0 0 207 2 1 
2025.06.26, 17:22:37.895,Master 2 slave send: 148 163 0 0 0 0 2 204 0 49 50 55 46 48 46 48 46 50 0 2 5 0 0 0 208 2 1 
2025.06.26, 17:22:38.027,Master 2 slave send: 148 163 0 0 0 0 2 204 0 49 50 55 46 48 46 48 46 50 0 2 5 0 0 0 209 2 1 
2025.06.26, 17:22:38.195,Master 2 slave send: 148 163 0 0 0 0 2 204 0 49 50 55 46 48 46 48 46 50 0 2 5 0 0 0 210 2 1 
2025.06.26, 17:22:38.295,Master 2 slave send: 148 163 0 0 0 0 2 204 0 49 50 55 46 48 46 48 46 50 0 2 5 0 0 0 211 2 1 
2025.06.26, 17:22:38.374,Master to slave hedge location transmit: 2
2025.06.26, 17:22:38.374,Master to slave hedge location transmit: 2
2025.06.26, 17:22:38.391,Master 2 slave send: 148 163 0 0 0 0 2 204 0 49 50 55 46 48 46 48 46 50 0 2 5 0 0 0 212 2 1 
2025.06.26, 17:22:38.470,Master 2 slave send: 148 163 0 0 0 0 2 204 0 49 50 55 46 48 46 48 46 50 0 2 5 0 0 0 213 2 1 
2025.06.26, 17:22:38.557,Master 2 slave send: 148 163 0 0 0 0 2 204 0 49 50 55 46 48 46 48 46 50 0 2 5 0 0 0 214 2 1 
2025.06.26, 17:22:38.682,Master 2 slave send: 148 163 0 0 0 0 2 204 0 49 50 55 46 48 46 48 46 50 0 2 5 0 0 0 215 2 1 
2025.06.26, 17:22:38.835,Master 2 slave send: 148 163 0 0 0 0 2 204 0 49 50 55 46 48 46 48 46 50 0 2 5 0 0 0 216 2 1 
2025.06.26, 17:22:38.954,Master 2 slave send: 148 163 0 0 0 0 2 203 0 49 50 55 46 48 46 48 46 50 0 2 5 0 0 0 217 2 1 
2025.06.26, 17:22:39.073,Master 2 slave send: 148 163 0 0 0 0 2 202 0 49 50 55 46 48 46 48 46 50 0 2 5 0 0 0 218 2 1 
2025.06.26, 17:22:39.107,Master 2 slave send: 148 163 0 0 0 0 2 202 0 49 50 55 46 48 46 48 46 50 0 2 5 0 0 0 219 2 1 
2025.06.26, 17:22:39.323,Master 2 slave send: 148 163 0 0 0 0 2 202 0 49 50 55 46 48 46 48 46 50 0 2 5 0 0 0 220 2 1 
2025.06.26, 17:22:39.352,Master 2 slave send: 148 163 0 0 0 0 2 202 0 49 50 55 46 48 46 48 46 50 0 2 5 0 0 0 221 2 1 
2025.06.26, 17:22:39.534,Master 2 slave send: 148 163 0 0 0 0 2 202 0 49 50 55 46 48 46 48 46 50 0 2 5 0 0 0 222 2 1 
2025.06.26, 17:22:39.559,Master 2 slave send: 148 163 0 0 0 0 2 202 0 49 50 55 46 48 46 48 46 50 0 2 5 0 0 0 223 2 1 
2025.06.26, 17:22:39.796,Master 2 slave send: 148 163 0 0 0 0 2 203 0 49 50 55 46 48 46 48 46 50 0 2 5 0 0 0 224 2 1 
2025.06.26, 17:22:40.013,Master 2 slave send: 148 163 0 0 0 0 2 203 0 49 50 55 46 48 46 48 46 50 0 2 5 0 0 0 225 2 1 
2025.06.26, 17:22:40.096,Master 2 slave send: 148 163 0 0 0 0 2 203 0 49 50 55 46 48 46 48 46 50 0 2 5 0 0 0 226 2 1 
2025.06.26, 17:22:40.229,Master 2 slave send: 148 163 0 0 0 0 2 203 0 49 50 55 46 48 46 48 46 50 0 2 5 0 0 0 227 2 1 
2025.06.26, 17:22:40.313,Master 2 slave send: 148 163 0 0 0 0 2 203 0 49 50 55 46 48 46 48 46 50 0 2 5 0 0 0 228 2 1 
2025.06.26, 17:22:40.495,Master 2 slave send: 148 163 0 0 0 0 2 203 0 49 50 55 46 48 46 48 46 50 0 2 5 0 0 0 229 2 1 
2025.06.26, 17:22:40.533,Master 2 slave send: 148 163 0 0 0 0 2 203 0 49 50 55 46 48 46 48 46 50 0 2 5 0 0 0 230 2 1 
2025.06.26, 17:22:40.674,Master to slave hedge location transmit: 2
2025.06.26, 17:22:40.696,Master 2 slave send: 148 163 0 0 0 0 2 203 0 49 50 55 46 48 46 48 46 50 0 2 5 0 0 0 231 2 1 
2025.06.26, 17:22:40.789,Master 2 slave send: 148 163 0 0 0 0 2 203 0 49 50 55 46 48 46 48 46 50 0 2 5 0 0 0 232 2 1 
2025.06.26, 17:22:40.941,Master 2 slave send: 148 163 0 0 0 0 2 202 0 49 50 55 46 48 46 48 46 50 0 2 5 0 0 0 233 2 1 
2025.06.26, 17:22:41.050,Master 2 slave send: 148 163 0 0 0 0 2 201 0 49 50 55 46 48 46 48 46 50 0 2 5 0 0 0 234 2 1 
2025.06.26, 17:22:41.129,Master 2 slave send: 148 163 0 0 0 0 2 202 0 49 50 55 46 48 46 48 46 50 0 2 5 0 0 0 235 2 1 
2025.06.26, 17:22:41.266,Master 2 slave send: 148 163 0 0 0 0 2 202 0 49 50 55 46 48 46 48 46 50 0 2 5 0 0 0 236 2 1 
2025.06.26, 17:22:41.387,Master 2 slave send: 148 163 0 0 0 0 2 202 0 49 50 55 46 48 46 48 46 50 0 2 5 0 0 0 237 2 1 
2025.06.26, 17:22:41.479,Master 2 slave send: 148 163 0 0 0 0 2 202 0 49 50 55 46 48 46 48 46 50 0 2 5 0 0 0 238 2 1 
2025.06.26, 17:22:41.562,Master to slave hedge location transmit: 2
2025.06.26, 17:22:41.574,Master 2 slave send: 148 163 0 0 0 0 2 202 0 49 50 55 46 48 46 48 46 50 0 2 5 0 0 0 239 2 1 
2025.06.26, 17:22:41.711,Master 2 slave send: 148 163 0 0 0 0 2 202 0 49 50 55 46 48 46 48 46 50 0 2 5 0 0 0 240 2 1 
2025.06.26, 17:22:41.738,reinit udp master threads: 1
2025.06.26, 17:22:41.767,Master 2 slave send: 148 163 0 0 0 0 2 202 0 49 50 55 46 48 46 48 46 50 0 2 5 0 0 0 241 2 1 
2025.06.26, 17:22:41.898,Master 2 slave send: 148 163 0 0 0 0 2 201 0 49 50 55 46 48 46 48 46 50 0 2 5 0 0 0 242 2 1 
2025.06.26, 17:22:41.944,Master to slave hedge location transmit: 2
2025.06.26, 17:22:41.995,Master 2 slave send: 148 163 0 0 0 0 2 201 0 49 50 55 46 48 46 48 46 50 0 2 5 0 0 0 243 2 1 
2025.06.26, 17:22:42.015,Master to slave hedge location transmit: 2
2025.06.26, 17:22:42.082,Master 2 slave send: 148 163 0 0 0 0 2 201 0 49 50 55 46 48 46 48 46 50 0 2 5 0 0 0 244 2 1 
2025.06.26, 17:22:42.235,Master 2 slave send: 148 163 0 0 0 0 2 202 0 49 50 55 46 48 46 48 46 50 0 2 5 0 0 0 245 2 1 
2025.06.26, 17:22:42.366,Master 2 slave send: 148 163 0 0 0 0 2 202 0 49 50 55 46 48 46 48 46 50 0 2 5 0 0 0 246 2 1 
2025.06.26, 17:22:42.478,Master 2 slave send: 148 163 0 0 0 0 2 202 0 49 50 55 46 48 46 48 46 50 0 2 5 0 0 0 247 2 1 
2025.06.26, 17:22:42.530,Master 2 slave send: 148 163 0 0 0 0 2 202 0 49 50 55 46 48 46 48 46 50 0 2 5 0 0 0 248 2 1 
2025.06.26, 17:22:42.584,Master to slave hedge location transmit: 2
2025.06.26, 17:22:42.613,Master 2 slave send: 148 163 0 0 0 0 2 202 0 49 50 55 46 48 46 48 46 50 0 2 5 0 0 0 249 2 1 
2025.06.26, 17:22:42.650,Master to slave hedge location transmit: 2
2025.06.26, 17:22:42.704,Master to slave hedge location transmit: 2
2025.06.26, 17:22:42.744,Master 2 slave send: 148 163 0 0 0 0 2 202 0 49 50 55 46 48 46 48 46 50 0 2 5 0 0 0 250 2 1 
2025.06.26, 17:22:42.889,Master to slave hedge location transmit: 2
2025.06.26, 17:22:42.907,Master 2 slave send: 148 163 0 0 0 0 2 203 0 49 50 55 46 48 46 48 46 50 0 2 5 0 0 0 251 2 1 
2025.06.26, 17:22:42.920,Master to slave hedge location transmit: 2
2025.06.26, 17:22:42.959,Master 2 slave send: 148 163 0 0 0 0 2 203 0 49 50 55 46 48 46 48 46 50 0 2 5 0 0 0 252 2 1 
2025.06.26, 17:22:43.155,Master 2 slave send: 148 163 0 0 0 0 2 202 0 49 50 55 46 48 46 48 46 50 0 2 5 0 0 0 253 2 1 
2025.06.26, 17:22:43.194,Master to slave hedge location transmit: 2
2025.06.26, 17:22:43.194,Master to slave hedge location transmit: 2
2025.06.26, 17:22:43.266,Master 2 slave send: 148 163 0 0 0 0 2 202 0 49 50 55 46 48 46 48 46 50 0 2 5 0 0 0 254 2 1 
2025.06.26, 17:22:43.392,Master 2 slave send: 148 163 0 0 0 0 2 202 0 49 50 55 46 48 46 48 46 50 0 2 5 0 0 0 255 2 1 
2025.06.26, 17:22:43.544,Master to slave hedge location transmit: 2
2025.06.26, 17:22:43.559,Master 2 slave send: 148 163 0 0 0 0 2 202 0 49 50 55 46 48 46 48 46 50 0 2 5 0 0 0 0 2 1 
2025.06.26, 17:22:43.625,Master 2 slave send: 148 163 0 0 0 0 2 202 0 49 50 55 46 48 46 48 46 50 0 2 5 0 0 0 1 2 1 
2025.06.26, 17:22:43.705,Master 2 slave send: 148 163 0 0 0 0 2 202 0 49 50 55 46 48 46 48 46 50 0 2 5 0 0 0 2 2 1 
2025.06.26, 17:22:43.767,Master to slave hedge location transmit: 2
2025.06.26, 17:22:43.889,Master to slave hedge location transmit: 2
2025.06.26, 17:22:43.901,Master 2 slave send: 148 163 0 0 0 0 2 202 0 49 50 55 46 48 46 48 46 50 0 2 5 0 0 0 3 2 1 
2025.06.26, 17:22:43.922,Master to slave hedge location transmit: 2
2025.06.26, 17:22:43.933,Master 2 slave send: 148 163 0 0 0 0 2 202 0 49 50 55 46 48 46 48 46 50 0 2 5 0 0 0 4 2 1 
2025.06.26, 17:22:44.048,Master 2 slave send: 148 163 0 0 0 0 2 201 0 49 50 55 46 48 46 48 46 50 0 2 5 0 0 0 5 2 1 
2025.06.26, 17:22:44.241,Master to slave hedge location transmit: 2
2025.06.26, 17:22:44.273,Master 2 slave send: 148 163 0 0 0 0 2 201 0 49 50 55 46 48 46 48 46 50 0 2 5 0 0 0 6 2 1 
2025.06.26, 17:22:44.330,Master to slave hedge location transmit: 2
2025.06.26, 17:22:44.358,Master 2 slave send: 148 163 0 0 0 0 2 201 0 49 50 55 46 48 46 48 46 50 0 2 5 0 0 0 7 2 1 
2025.06.26, 17:22:44.400,Master to slave hedge location transmit: 2
2025.06.26, 17:22:44.464,Master 2 slave send: 148 163 0 0 0 0 2 201 0 49 50 55 46 48 46 48 46 50 0 2 5 0 0 0 8 2 1 
2025.06.26, 17:22:44.629,Master 2 slave send: 148 163 0 0 0 0 2 201 0 49 50 55 46 48 46 48 46 50 0 2 5 0 0 0 9 2 1 
2025.06.26, 17:22:44.685,Master 2 slave send: 148 163 0 0 0 0 2 201 0 49 50 55 46 48 46 48 46 50 0 2 5 0 0 0 10 2 1 
2025.06.26, 17:22:44.748,Master to slave hedge location transmit: 2
2025.06.26, 17:22:44.797,Master 2 slave send: 148 163 0 0 0 0 2 201 0 49 50 55 46 48 46 48 46 50 0 2 5 0 0 0 11 2 1 
2025.06.26, 17:22:44.864,Master to slave hedge location transmit: 2
2025.06.26, 17:22:44.907,Master 2 slave send: 148 163 0 0 0 0 2 201 0 49 50 55 46 48 46 48 46 50 0 2 5 0 0 0 12 2 1 
2025.06.26, 17:22:44.929,Master to slave hedge location transmit: 2
2025.06.26, 17:22:45.040,Master 2 slave send: 148 163 0 0 0 0 2 201 0 49 50 55 46 48 46 48 46 50 0 2 5 0 0 0 13 2 1 
2025.06.26, 17:22:45.147,Master 2 slave send: 148 163 0 0 0 0 2 200 0 49 50 55 46 48 46 48 46 50 0 2 5 0 0 0 14 2 1 
2025.06.26, 17:22:45.282,Master to slave hedge location transmit: 2
2025.06.26, 17:22:45.297,Master 2 slave send: 148 163 0 0 0 0 2 201 0 49 50 55 46 48 46 48 46 50 0 2 5 0 0 0 15 2 1 
2025.06.26, 17:22:45.325,Master to slave hedge location transmit: 2
2025.06.26, 17:22:45.356,Master 2 slave send: 148 163 0 0 0 0 2 201 0 49 50 55 46 48 46 48 46 50 0 2 5 0 0 0 16 2 1 
2025.06.26, 17:22:45.476,Master 2 slave send: 148 163 0 0 0 0 2 201 0 49 50 55 46 48 46 48 46 50 0 2 5 0 0 0 17 2 1 
2025.06.26, 17:22:45.564,Master 2 slave send: 148 163 0 0 0 0 2 201 0 49 50 55 46 48 46 48 46 50 0 2 5 0 0 0 18 2 1 
2025.06.26, 17:22:45.694,Master to slave hedge location transmit: 2
2025.06.26, 17:22:45.703,Master 2 slave send: 148 163 0 0 0 0 2 201 0 49 50 55 46 48 46 48 46 50 0 2 5 0 0 0 19 2 1 
2025.06.26, 17:22:45.787,Master to slave hedge location transmit: 2
2025.06.26, 17:22:45.804,Master 2 slave send: 148 163 0 0 0 0 2 201 0 49 50 55 46 48 46 48 46 50 0 2 5 0 0 0 20 2 1 
2025.06.26, 17:22:45.809,Master to slave hedge location transmit: 2
2025.06.26, 17:22:45.943,Master 2 slave send: 148 163 0 0 0 0 2 201 0 49 50 55 46 48 46 48 46 50 0 2 5 0 0 0 21 2 1 
2025.06.26, 17:22:46.008,Master 2 slave send: 148 163 0 0 0 0 2 201 0 49 50 55 46 48 46 48 46 50 0 2 5 0 0 0 22 2 1 
2025.06.26, 17:22:46.141,Master 2 slave send: 148 163 0 0 0 0 2 199 0 49 50 55 46 48 46 48 46 50 0 2 5 0 0 0 23 2 1 
2025.06.26, 17:22:46.208,Master to slave hedge location transmit: 2
2025.06.26, 17:22:46.287,reinit udp threads
2025.06.26, 17:22:46.300,Master 2 slave send: 148 163 0 0 0 0 2 200 0 49 50 55 46 48 46 48 46 50 0 2 6 0 0 0 24 2 1 
2025.06.26, 17:22:46.346,Master 2 slave send: 148 163 0 0 0 0 2 200 0 49 50 55 46 48 46 48 46 50 0 2 6 0 0 0 25 2 1 
2025.06.26, 17:22:46.732,Master 2 slave send: 148 163 0 0 0 0 2 200 0 49 50 55 46 48 46 48 46 50 0 2 6 0 0 0 26 2 1 
2025.06.26, 17:22:46.756,reinit udp master threads: 1
2025.06.26, 17:22:46.766,Master 2 slave send: 148 163 0 0 0 0 2 200 0 49 50 55 46 48 46 48 46 50 0 2 6 0 0 0 27 2 1 
2025.06.26, 17:22:46.933,Master 2 slave send: 148 163 0 0 0 0 2 200 0 49 50 55 46 48 46 48 46 50 0 2 6 0 0 0 28 2 1 
2025.06.26, 17:22:46.997,Master 2 slave send: 148 163 0 0 0 0 2 200 0 49 50 55 46 48 46 48 46 50 0 2 6 0 0 0 29 2 1 
2025.06.26, 17:22:47.136,Master 2 slave send: 148 163 0 0 0 0 2 200 0 49 50 55 46 48 46 48 46 50 0 2 6 0 0 0 30 2 1 
2025.06.26, 17:22:47.237,Master 2 slave send: 148 163 0 0 0 0 2 201 0 49 50 55 46 48 46 48 46 50 0 2 6 0 0 0 31 2 1 
2025.06.26, 17:22:47.320,Master 2 slave send: 148 163 0 0 0 0 2 201 0 49 50 55 46 48 46 48 46 50 0 2 6 0 0 0 32 2 1 
2025.06.26, 17:22:47.487,Master 2 slave send: 148 163 0 0 0 0 2 199 0 49 50 55 46 48 46 48 46 50 0 2 6 0 0 0 33 2 1 
2025.06.26, 17:22:47.537,Master 2 slave send: 148 163 0 0 0 0 2 199 0 49 50 55 46 48 46 48 46 50 0 2 6 0 0 0 34 2 1 
2025.06.26, 17:22:47.737,Master 2 slave send: 148 163 0 0 0 0 2 199 0 49 50 55 46 48 46 48 46 50 0 2 6 0 0 0 35 2 1 
2025.06.26, 17:22:47.766,Master 2 slave send: 148 163 0 0 0 0 2 199 0 49 50 55 46 48 46 48 46 50 0 2 6 0 0 0 36 2 1 
2025.06.26, 17:22:47.939,Master 2 slave send: 148 163 0 0 0 0 2 199 0 49 50 55 46 48 46 48 46 50 0 2 6 0 0 0 37 2 1 
2025.06.26, 17:22:48.063,Master 2 slave send: 148 163 0 0 0 0 2 199 0 49 50 55 46 48 46 48 46 50 0 2 6 0 0 0 38 2 1 
2025.06.26, 17:22:48.097,Master 2 slave send: 148 163 0 0 0 0 2 199 0 49 50 55 46 48 46 48 46 50 0 2 6 0 0 0 39 2 1 
2025.06.26, 17:22:48.336,Master 2 slave send: 148 163 0 0 0 0 2 201 0 49 50 55 46 48 46 48 46 50 0 2 6 0 0 0 40 2 1 
2025.06.26, 17:22:48.398,Master 2 slave send: 148 163 0 0 0 0 2 200 0 49 50 55 46 48 46 48 46 50 0 2 6 0 0 0 41 2 1 
2025.06.26, 17:22:48.510,Master 2 slave send: 148 163 0 0 0 0 2 198 0 49 50 55 46 48 46 48 46 50 0 2 6 0 0 0 42 2 1 
2025.06.26, 17:22:48.643,Master 2 slave send: 148 163 0 0 0 0 2 198 0 49 50 55 46 48 46 48 46 50 0 2 6 0 0 0 43 2 1 
2025.06.26, 17:22:48.739,Master 2 slave send: 148 163 0 0 0 0 2 198 0 49 50 55 46 48 46 48 46 50 0 2 6 0 0 0 44 2 1 
2025.06.26, 17:22:48.836,Master 2 slave send: 148 163 0 0 0 0 2 198 0 49 50 55 46 48 46 48 46 50 0 2 6 0 0 0 45 2 1 
2025.06.26, 17:22:48.953,Master 2 slave send: 148 163 0 0 0 0 2 199 0 49 50 55 46 48 46 48 46 50 0 2 6 0 0 0 46 2 1 
2025.06.26, 17:22:49.055,Master 2 slave send: 148 163 0 0 0 0 2 199 0 49 50 55 46 48 46 48 46 50 0 2 6 0 0 0 47 2 1 
2025.06.26, 17:22:49.178,Master 2 slave send: 148 163 0 0 0 0 2 199 0 49 50 55 46 48 46 48 46 50 0 2 6 0 0 0 48 2 1 
2025.06.26, 17:22:49.283,Master 2 slave send: 148 163 0 0 0 0 2 199 0 49 50 55 46 48 46 48 46 50 0 2 6 0 0 0 49 2 1 
2025.06.26, 17:22:49.403,Master 2 slave send: 148 163 0 0 0 0 2 197 0 49 50 55 46 48 46 48 46 50 0 2 6 0 0 0 50 2 1 
2025.06.26, 17:22:49.515,Master 2 slave send: 148 163 0 0 0 0 2 195 0 49 50 55 46 48 46 48 46 50 0 2 6 0 0 0 51 2 1 
2025.06.26, 17:22:49.670,Master 2 slave send: 148 163 0 0 0 0 2 200 0 49 50 55 46 48 46 48 46 50 0 2 6 0 0 0 52 2 1 
2025.06.26, 17:22:49.726,Master 2 slave send: 148 163 0 0 0 0 2 200 0 49 50 55 46 48 46 48 46 50 0 2 6 0 0 0 53 2 1 
2025.06.26, 17:22:49.901,Master 2 slave send: 148 163 0 0 0 0 2 201 0 49 50 55 46 48 46 48 46 50 0 2 6 0 0 0 54 2 1 
2025.06.26, 17:22:49.951,Master 2 slave send: 148 163 0 0 0 0 2 201 0 49 50 55 46 48 46 48 46 50 0 2 6 0 0 0 55 2 1 
2025.06.26, 17:22:50.187,Master 2 slave send: 148 163 0 0 0 0 2 201 0 49 50 55 46 48 46 48 46 50 0 2 6 0 0 0 56 2 1 
2025.06.26, 17:22:50.269,Master 2 slave send: 148 163 0 0 0 0 2 201 0 49 50 55 46 48 46 48 46 50 0 2 6 0 0 0 57 2 1 
2025.06.26, 17:22:50.367,Master 2 slave send: 148 163 0 0 0 0 2 202 0 49 50 55 46 48 46 48 46 50 0 2 6 0 0 0 58 2 1 
2025.06.26, 17:22:50.480,Master 2 slave send: 148 163 0 0 0 0 2 200 0 49 50 55 46 48 46 48 46 50 0 2 6 0 0 0 59 2 1 
2025.06.26, 17:22:50.625,Master 2 slave send: 148 163 0 0 0 0 2 202 0 49 50 55 46 48 46 48 46 50 0 2 6 0 0 0 60 2 1 
2025.06.26, 17:22:50.693,Master 2 slave send: 148 163 0 0 0 0 2 202 0 49 50 55 46 48 46 48 46 50 0 2 6 0 0 0 61 2 1 
2025.06.26, 17:22:50.768,Master to slave hedge location transmit: 2
2025.06.26, 17:22:50.857,Master 2 slave send: 148 163 0 0 0 0 2 202 0 49 50 55 46 48 46 48 46 50 0 2 6 0 0 0 62 2 1 
2025.06.26, 17:22:50.920,Master 2 slave send: 148 163 0 0 0 0 2 202 0 49 50 55 46 48 46 48 46 50 0 2 6 0 0 0 63 2 1 
2025.06.26, 17:22:51.020,Master 2 slave send: 148 163 0 0 0 0 2 202 0 49 50 55 46 48 46 48 46 50 0 2 6 0 0 0 64 2 1 
2025.06.26, 17:22:51.155,Master 2 slave send: 148 163 0 0 0 0 2 202 0 49 50 55 46 48 46 48 46 50 0 2 6 0 0 0 65 2 1 
2025.06.26, 17:22:51.252,Master 2 slave send: 148 163 0 0 0 0 2 203 0 49 50 55 46 48 46 48 46 50 0 2 6 0 0 0 66 2 1 
2025.06.26, 17:22:51.398,Master 2 slave send: 148 163 0 0 0 0 2 206 0 49 50 55 46 48 46 48 46 50 0 2 6 0 0 0 67 2 1 
